Token,Count,Correctness
गर्,44317,Correct
र,34913,Correct
हु,22184,Correct
भ,11973,Correct
कक्षा,9465,Correct
पनि,9097,Correct
पर्,8131,Correct
हो,8118,Correct
यस,8085,Correct
भन्,7671,Correct
तथा,7255,Correct
कुन,6597,Correct
के,6181,Correct
रह,6062,Correct
वा,5666,Correct
ग,5418,Correct
प्रयोग,5389,Correct
चित्र,5227,Correct
एक,4684,Correct
लेख्,4630,Correct
थि,4627,Correct
त,4462,Correct
तल,4324,Correct
लागि,4240,Correct
सबै,4152,Correct
कति,4103,Correct
भने,4077,Correct
म,4069,Correct
छन्,4067,Correct
पानी,4060,Correct
लगाउ,3991,Correct
एउटा,3956,Correct
दिइ,3950,Correct
बनाउ,3861,Correct
सँग,3660,Correct
भनि,3605,Correct
गरि,3572,Correct
यो,3482,Correct
न,3475,Correct
पछि,3430,Correct
वस्तु,3370,Correct
काम,3321,Correct
आउ,3299,Correct
आदि,3297,Correct
नेपाल,3250,Correct
रूप,3227,Correct
सकि,3148,Correct
भयो,3143,Correct
हामी,3140,Correct
रु,2972,Correct
सङ्ख्या,2955,Correct
दुई,2922,Correct
विभिन्न,2913,Correct
हुन्,2912,Correct
समूह,2896,Correct
हाम्रो,2890,Correct
राख्,2887,Correct
दि,2886,Correct
देखि,2869,Correct
सक्,2846,Correct
घर,2818,Correct
भाग,2814,Correct
ना,2787,Correct
उन,2723,Correct
विकास,2684,Correct
कार्य,2669,Correct
त्यस,2652,Correct
तपाईँ,2650,Correct
बन्,2595,Correct
नेपाली,2538,Correct
उदा,2525,Incorrect
अध्ययन,2458,Correct
पत्ता,2451,Correct
सामाजिक,2424,Correct
छलफल,2423,Correct
समय,2415,Correct
मानिस,2397,Correct
लि,2394,Correct
आधार,2391,Correct
लाग्,2352,Correct
आफ्नो,2325,Correct
धेरै,2312,Correct
प्रविधि,2307,Correct
माथि,2294,Correct
नै,2288,Correct
क्रियाकलाप,2286,Correct
जस्तै,2282,Correct
उक्त,2268,Correct
दिन,2241,Correct
उनी,2233,Correct
विज्ञान,2217,Correct
ठाउँ,2203,Correct
स्थान,2162,Correct
अवस्था,2133,Correct
क्षेत्र,2112,Correct
गणित,2111,Correct
शब्द,2102,Correct
प्रश्न,2083,Correct
बस्,2076,Correct
आ,2065,Correct
उत्तर,2049,Correct
सम्म,2048,Correct
पाइ,1993,Correct
साथी,1969,Correct
केही,1968,Correct
यहाँ,1956,Correct
विद्यार्थी,1950,Correct
विद्यालय,1947,Correct
पढ्,1918,Correct
अभ्यास,1905,Correct
जना,1880,Correct
अनुसार,1876,Correct
कारण,1864,Correct
शिक्षा,1853,Correct
स्वास्थ्य,1810,Correct
प्रस्तुत,1766,Correct
फरक,1757,Correct
होला,1755,Correct
शरीर,1700,Correct
पार्,1696,Correct
मेरो,1694,Correct
क्षेत्रफल,1690,Correct
आवश्यक,1673,Correct
शिक्षक,1664,Correct
वर्ष,1660,Correct
व्यक्ति,1637,Correct
तिर,1624,Correct
हेर्,1608,Correct
त्यसै,1597,Correct
देश,1593,Correct
मूल्य,1591,Correct
प्राप्त,1589,Correct
जम्मा,1581,Correct
नाम,1557,Correct
जान्,1550,Correct
कुरा,1544,Correct
ई,1541,Correct
पदार्थ,1534,Correct
अब,1524,Correct
मन,1524,Correct
बिरुवा,1516,Correct
बढी,1500,Correct
तयार,1483,Correct
सहयोग,1464,Correct
मात्र,1462,Correct
ती,1459,Correct
उदाहरण,1459,Correct
मानव,1456,Correct
पुग्,1449,Correct
पाठ,1447,Correct
तालिका,1437,Correct
कसरी,1426,Correct
युक्त,1421,Correct
रङ,1418,Correct
यी,1408,Correct
प्रकार,1402,Correct
सतह,1399,Correct
तर,1397,Correct
भित्र,1381,Correct
उ,1370,Correct
मध्ये,1359,Correct
मिल्,1357,Correct
कला,1354,Correct
किन,1344,Correct
जस्ता,1342,Correct
अर्को,1319,Correct
राम्रो,1317,Correct
अवलोकन,1311,Correct
समाज,1308,Correct
ए,1302,Correct
शारीरिक,1280,Correct
भन्ने,1277,Correct
दुवै,1269,Correct
कोण,1266,Correct
पृथ्वी,1253,Correct
जीवन,1244,Correct
बल,1243,Correct
पाउ,1237,Correct
समाधान,1233,Correct
देख्,1205,Correct
तिमी,1196,Correct
यसरी,1189,Correct
देखाउ,1188,Correct
जनावर,1177,Correct
अथवा,1172,Correct
निर्माण,1171,Correct
परिवर्तन,1171,Correct
लम्बाइ,1170,Correct
आफू,1160,Correct
बारे,1138,Correct
आमा,1130,Correct
बराबर,1129,Correct
विद्युत्,1128,Incorrect
हात,1116,Correct
सम्बन्ध,1116,Correct
तीन,1113,Correct
जा,1109,Correct
ठुलो,1103,Incorrect
बिच,1097,Correct
रोग,1095,Correct
उस,1094,Correct
खा,1088,Correct
समुदाय,1083,Correct
शक्ति,1074,Correct
सामग्री,1065,Correct
तत्त्व,1063,Correct
समस्या,1061,Correct
उत्पादन,1059,Correct
वाक्य,1048,Correct
पहिलो,1035,Correct
अन्य,1034,Correct
प्रत्येक,1026,Correct
विधि,1025,Correct
हावा,1016,Correct
कस्तो,1014,Correct
यदि,1007,Correct
खाना,993,Correct
त्यो,988,Correct
कम,985,Correct
थाल्,980,Correct
बढ्,975,Correct
भर्,963,Correct
गाउँ,950,Correct
यस्ता,946,Correct
रेखा,938,Correct
स्रोत,933,Correct
निकाल्,923,Correct
उल्लेख,918,Correct
प्रकाश,915,Correct
वातावरण,914,Correct
विशेष,912,Correct
कि,909,Correct
प्रति,905,Correct
गीत,900,Correct
अरू,889,Correct
गुण,889,Correct
खेल्,886,Correct
सानो,879,Correct
खेल,873,Correct
केन्द्र,867,Correct
आकार,866,Correct
सहित,863,Incorrect
वर्ग,862,Correct
मुख्य,860,Correct
जनसङ्ख्या,855,Correct
परिवार,854,Correct
थाहा,850,Correct
मान,843,Correct
दुरी,842,Correct
प्रक्रिया,837,Correct
माध्यम,829,Correct
यिनी,823,Incorrect
नि,823,Correct
उचाइ,823,Correct
चार,821,Correct
विषय,821,Correct
सूर्य,820,Correct
पूरा,818,Correct
कोठा,817,Correct
सुरु,809,Correct
सुन्,809,Correct
पहिचान,805,Correct
आज,802,Correct
छु,799,Correct
बुबा,794,Correct
यस्तो,789,Correct
रुख,788,Correct
जीव,786,Correct
जमिन,780,Correct
गराउ,776,Correct
घटना,775,Correct
कोष,774,Correct
सम्बन्धी,772,Correct
समेत,768,Correct
किसिम,760,Correct
सेवा,757,Correct
चुम्बक,756,Correct
भिन्न,744,Correct
छैन,743,Correct
ठीक,743,Correct
मात्रा,738,Correct
गति,733,Correct
एकाइ,732,Correct
तरिका,731,Correct
पर्दछ,730,Incorrect
असर,729,Correct
ताल,729,Correct
पाँच,725,Correct
ज,723,Correct
कम्प्युटर,721,Correct
अनुच्छेद,721,Correct
जस्तो,719,Correct
श्री,716,Correct
भाषा,714,Correct
पद,713,Correct
दर,708,Correct
पटक,707,Correct
धातु,701,Correct
दिने,695,Correct
तिनी,691,Correct
प्राकृत,690,Correct
उपाय,685,Correct
प्रणाली,685,Correct
नयाँ,683,Correct
लामो,682,Correct
सूचना,681,Correct
महिना,680,Correct
त्यस्तै,674,Correct
त्रिभुज,670,Correct
आँखा,670,Correct
फूल,669,Correct
समान,666,Correct
क्रम,662,Correct
खाली,660,Correct
आफ्ना,656,Correct
कथा,656,Correct
भूमिका,656,Correct
अधिकार,655,Correct
राष्ट्रिय,654,Correct
देखाइ,654,Correct
सञ्चालन,652,Correct
महत्त्वपूर्ण,651,Correct
जानकारी,649,Correct
आर्थिक,645,Correct
सदस्य,644,Correct
गर्दछ,643,Incorrect
नाप,642,Correct
ताप,642,Correct
मिटर,640,Correct
पक्ष,640,Correct
त्यहाँ,636,Correct
अगाडि,635,Correct
अर्थ,634,Correct
दोस्रो,633,Correct
उपकरण,631,Correct
साथै,630,Correct
आकृति,629,Correct
उहाँ,628,Correct
रासायन,627,Correct
सरकार,626,Correct
कार्यक्रम,623,Correct
दिशा,622,Correct
मिलाउ,621,Correct
ल्याउ,621,Correct
रकम,618,Correct
तह,618,Correct
लगायत,617,Correct
नियम,617,Correct
पैसा,611,Correct
स,609,Correct
संरक्षण,607,Correct
सामान,606,Correct
कागज,603,Correct
किन्,603,Correct
मदत,602,Correct
पिण्ड,600,Correct
द,599,Correct
खर्च,598,Correct
वृद्धि,596,Correct
कसै,592,Correct
ग्याँस,589,Correct
सम्बन्धित,588,Correct
नदी,588,Correct
कन्,585,Correct
तार,585,Correct
उमेर,585,Correct
प्रदेश,581,Correct
तरकारी,577,Correct
वनस्पति,576,Correct
बाहिर,570,Correct
नागरिक,565,Correct
व्यवस्था,563,Correct
विचार,563,Correct
माटो,562,Correct
व्यवहार,561,Correct
संस्था,561,Correct
निष्कर्ष,559,Correct
बाँकी,558,Correct
मान्,558,Correct
तापक्रम,554,Correct
सफा,552,Correct
अभिभावक,550,Correct
खोज्,549,Correct
कस्ता,546,Correct
विन्दु,543,Correct
रातो,543,Correct
जनाउ,543,Correct
दश,542,Correct
भुजा,539,Correct
दायाँ,538,Correct
फेरि,537,Correct
प्रभाव,535,Correct
मान्छे,531,Correct
मिनेट,530,Correct
कविता,529,Correct
हिँड्,529,Correct
सह,527,Correct
महिला,525,Correct
गाउ,524,Correct
भइ,523,Correct
सञ्चार,522,Correct
लाग्ने,521,Correct
साधन,521,Correct
जोड्,521,Correct
दैनिक,520,Correct
उपचार,519,Correct
बनाइ,518,Correct
पात,517,Correct
निश्चित,516,Correct
सम,516,Correct
विश्व,516,Correct
खोजी,506,Correct
अङ्ग,506,Correct
मिति,505,Correct
महत्त्व,504,Correct
खिच्,502,Correct
एउटै,500,Correct
सुरक्षा,499,Correct
द्वारा,498,Correct
माटा,498,Correct
तरङ्ग,491,Correct
तौल,491,Correct
सो,490,Correct
टुक्रा,490,Correct
व्यवस्थापन,490,Correct
ल,489,Correct
स्वर,489,Correct
सोध्,489,Correct
राज्य,486,Correct
नमुना,485,Correct
चौडाइ,485,Correct
क्रिया,484,Correct
प्रतिक्रिया,484,Correct
हावापानी,481,Correct
कृषि,478,Correct
निस्क,478,Correct
घण्टा,475,Correct
कहाँ,470,Correct
ठोस,470,Correct
राष्ट्र,469,Correct
सिकाइ,469,Correct
होइन,467,Correct
आयतन,467,Correct
अम्ल,466,Correct
जुन,465,Correct
चिह्न,463,Correct
खुसी,462,Correct
बजाउ,459,Correct
सुनाउ,456,Correct
सङ्कलन,455,Correct
कर,453,Correct
उत्पन्न,452,Correct
कापी,450,Correct
सूची,449,Correct
प्रसारण,448,Correct
तरल,448,Correct
रगत,448,Correct
प्रदान,447,Correct
आधारभूत,445,Correct
घुम्,445,Correct
सम्मान,444,Correct
साना,443,Correct
सेरोफेरो,442,Correct
पार,440,Correct
इन्टरनेट,440,Correct
ग्रह,438,Correct
बेला,438,Correct
क्षम,437,Correct
उच्च,437,Correct
धर्म,437,Correct
बताउ,437,Correct
बा,436,Incorrect
पहिले,436,Correct
संस्कृति,436,Correct
नृत्य,436,Correct
ध्वनि,436,Correct
निकै,435,Correct
प्रतिशत,434,Correct
रचना,431,Correct
विवरण,430,Correct
रे,427,Correct
परीक्षण,424,Correct
जन्म,424,Correct
चाप,423,Correct
नक्सा,422,Correct
ध्यान,421,Correct
उपयोग,421,Correct
समानान्तर,420,Correct
प्रमुख,419,Correct
पाठ्यक्रम,418,Correct
बाटो,418,Correct
फलफूल,418,Correct
उठ्,416,Correct
वैज्ञानिक,414,Correct
चाल,414,Correct
जोड,412,Correct
उद्देश्य,412,Correct
खाने,410,Correct
बायाँ,409,Correct
सजीव,406,Correct
सिप,405,Incorrect
सङ्केत,405,Correct
बजार,405,Correct
काट्,405,Correct
सन्,404,Correct
ब्याज,404,Correct
विभाजन,402,Correct
कायम,401,Correct
संविधान,400,Correct
व्यापार,399,Correct
ला,398,Correct
सिधा,397,Correct
खनिज,396,Correct
अङ्क,396,Correct
छुट्याउ,396,Correct
अन्तर्गत,395,Correct
हरेक,395,Correct
काठ,395,Correct
बिउ,395,Correct
परमाणु,394,Correct
सेल,394,Correct
राजा,394,Correct
सिर्जना,393,Correct
प्रकृति,393,Correct
परिचय,392,Correct
फल,392,Correct
असल,391,Correct
परियोजना,391,Correct
छेउ,391,Correct
भएमा,390,Incorrect
ठूला,390,Correct
चलाउ,390,Correct
मानि,389,Correct
फाइदा,388,Correct
खानेकुरा,388,Correct
योगदान,388,Correct
घटाउ,387,Correct
जसले,386,Correct
अनुपात,386,Correct
बढाउ,385,Correct
कक्षाकोठा,384,Correct
बालबालिका,384,Correct
अन्त्य,382,Correct
एवं,381,Correct
भाइ,381,Correct
जिल्ला,380,Correct
अहिले,379,Correct
कपडा,379,Correct
हक,379,Correct
मुख,379,Correct
पहाड,378,Correct
ज्ञान,378,Correct
चरण,378,Correct
कहिले,377,Correct
खुट्टा,377,Correct
चाहि,377,Correct
नाप्,375,Correct
चिसो,374,Correct
बानी,374,Correct
तसर्थ,373,Correct
यही,373,Correct
विविध,373,Correct
फलाम,371,Correct
अतः,370,Correct
सरल,369,Correct
नजिक,369,Correct
भर,368,Correct
तथ्याङ्क,367,Correct
जस,366,Correct
टाढा,366,Correct
सडक,366,Correct
बोल्,366,Correct
जैव,365,Correct
उद्योग,363,Correct
पद्धति,363,Correct
वरिपरि,362,Incorrect
अक्सिजन,362,Correct
हिसाब,362,Correct
दस्तखत,361,Correct
हिमाल,361,Correct
है,359,Correct
गोडा,359,Correct
यसै,357,Correct
सहाय,353,Correct
आधुनिक,353,Correct
छिटो,352,Correct
शुद्ध,352,Correct
छोटो,352,Correct
वर्षा,352,Correct
भनाइ,351,Correct
हरि,350,Correct
अनुभव,349,Correct
अपनाउ,349,Correct
सर्,349,Correct
निम्नलिखित,348,Incorrect
आवाज,347,Correct
तुलना,347,Correct
जोडा,345,Correct
मल,345,Correct
फर्क,342,Correct
स्वस्थ,341,Correct
खेती,341,Correct
पुस्तक,340,Correct
स्थापना,340,Correct
तेस्रो,337,Correct
माछा,337,Correct
काठमाडौँ,337,Correct
सम्पदा,336,Correct
बोक्,336,Correct
भित्ता,335,Correct
वेला,335,Correct
बिहान,333,Correct
जनता,333,Correct
अवसर,333,Correct
नियन्त्रण,332,Correct
कर्तव्य,331,Correct
मोबाइल,328,Correct
त्यही,327,Correct
वर्णन,327,Correct
साथ,327,Correct
किताब,327,Correct
अनि,326,Correct
आफ्नै,326,Correct
आम्दानी,326,Correct
छान्,326,Correct
धार्मिक,325,Correct
प्रजनन,325,Correct
बाल,324,Correct
छोरा,323,Correct
दौड,323,Correct
सिक्,320,Correct
हुनाले,319,Correct
जति,319,Correct
हाल,319,Correct
चल्,319,Correct
निरन्तर,317,Correct
पठाउ,317,Correct
छौँ,316,Correct
सम्पूर्ण,316,Correct
खान,316,Correct
भाव,316,Correct
शान्ति,315,Correct
पालैपालो,314,Correct
ता,314,Correct
गुणन,314,Correct
नियमित,314,Correct
लुगा,314,Correct
उपलब्ध,314,Correct
जरा,314,Correct
कार्बन,313,Correct
तन्तु,311,Correct
बस,310,Correct
चाह,310,Correct
क्रमशः,308,Correct
भित्री,308,Correct
सधैँ,308,Incorrect
पो,307,Correct
सरसफाइ,307,Correct
विन्दु,307,Correct
फोहोर,306,Correct
हर,306,Correct
बाहिरी,305,Correct
रो,305,Correct
जाति,305,Correct
ढुङ्गा,304,Correct
गतिविधि,304,Correct
वृत्त,303,Correct
निम्नानुसार,302,Correct
मन्दिर,302,Correct
पूर्व,302,Correct
लय,301,Correct
लगाइ,301,Correct
तातो,300,Correct
आकाश,300,Correct
माया,300,Correct
आयत,299,Correct
गते,299,Correct
वर्ण,299,Correct
भ्रमण,298,Correct
थप,296,Correct
पूर्ण,295,Correct
सहभागी,295,Correct
शब्दकोश,294,Correct
मुटु,294,Correct
गर्नका,293,Incorrect
अन्तिम,293,Correct
तारा,293,Correct
अग्लो,293,Correct
घाम,293,Correct
आधारित,292,Correct
कानुन,292,Correct
अक्षर,292,Correct
पाउने,291,Correct
तथ्य,291,Correct
इलेक्ट्रोन,291,Correct
लेखि,291,Correct
संरचना,290,Correct
प्रयास,289,Correct
सय,289,Correct
साल,289,Correct
छोरी,288,Correct
अर्थात्,287,Correct
सुरक्षित,287,Correct
आयोजना,287,Correct
बिरामी,287,Correct
हाल्,287,Correct
बेच्,287,Correct
वरपर,286,Correct
योजना,286,Correct
राखी,285,Correct
सिर्जनात्मक,285,Incorrect
शीर्षक,284,Correct
सुनाइ,283,Correct
रमाइलो,283,Correct
बजे,283,Correct
भावना,283,Correct
बिस्तारै,282,Correct
सङ्गीत,282,Correct
भारत,281,Correct
घट्,280,Correct
औषधी,279,Correct
राखि,279,Correct
कोर्,279,Correct
को,278,Correct
जोडी,277,Correct
एकै,276,Incorrect
बाजा,276,Correct
बच्,276,Correct
चतुर्भुज,275,Incorrect
विद्युतीय,274,Incorrect
भौतिक,274,Correct
शासन,274,Correct
परिमाण,274,Correct
छाया,273,Incorrect
प्रवाह,273,Correct
धारा,273,Correct
सात,272,Correct
घडी,272,Correct
होलान्,271,Correct
टिपोट,271,Correct
खेलाडी,271,Correct
सफल,270,Correct
सिद्धान्त,270,Correct
ति,269,Incorrect
मिश्रण,269,Correct
टाँस्,269,Correct
पुनः,268,Correct
योगफल,268,Correct
गुरुआमा,267,Incorrect
तिर्,267,Correct
विषयवस्तु,266,Correct
स्थिति,266,Correct
पाठ्यपुस्तक,266,Correct
कडा,265,Correct
व्याख्या,265,Correct
आमाबुबा,265,Correct
स्थल,265,Correct
बुझाउ,265,Correct
प्रदर्शन,264,Correct
हजार,264,Correct
पस्,264,Correct
हे,263,Correct
टाउको,263,Correct
दुख्,263,Correct
किनारा,262,Correct
सन्दर्भ,262,Correct
तराई,262,Correct
मार्फत,261,Correct
पछाडि,261,Correct
छिमेकी,261,Correct
साझा,260,Correct
साधारण,260,Correct
बन्द,260,Correct
राजनीति,260,Correct
टिप्,260,Correct
तान्,260,Correct
रूपान्तरण,259,Incorrect
अभिनय,259,Correct
विवाह,259,Correct
जडान,258,Correct
सेकेन्ड,258,Correct
पसल,258,Correct
सुन्तला,257,Correct
गुरु,257,Correct
करिब,256,Correct
सङख्या,256,Incorrect
दुध,256,Incorrect
चाहिँ,256,Correct
सोधि,256,Correct
वितरण,256,Correct
वन,256,Correct
मौरी,256,Correct
हा,255,Correct
बच्चा,255,Correct
उपभोक्ता,255,Correct
विपत्,254,Incorrect
मौसम,254,Correct
अन्तर्राष्ट्रिय,253,Correct
बाहेक,253,Correct
सुन,253,Correct
पुरुष,253,Correct
कार्यालय,253,Correct
खोल्,253,Correct
तेल,252,Correct
चाडपर्व,252,Correct
पोखरी,252,Correct
अर्धव्यास,251,Incorrect
मानसिक,251,Correct
स्केल,251,Correct
भाँडा,250,Correct
यस्तै,249,Correct
देखा,249,Correct
व्यवसाय,249,Correct
तिनको,248,Correct
सहज,248,Correct
किरण,247,Correct
पेसा,247,Correct
गाई,247,Correct
संसार,247,Correct
सम्भावना,245,Correct
स्याउ,245,Correct
चरा,245,Correct
स्थिर,244,Correct
सब,244,Correct
यात्रा,244,Correct
खण्ड,244,Correct
कालो,243,Correct
पत्र,243,Correct
बहिनी,243,Correct
खेत,243,Correct
व्यक्त,242,Correct
मकै,242,Correct
छोड्,242,Correct
अक्ष,241,Correct
धन्यवाद,240,Correct
आधा,240,Correct
स्वतन्त्र,240,Correct
थोरै,239,Correct
सम्भाव्य,239,Correct
सूत्र,239,Correct
जान,238,Correct
स्तर,238,Correct
खाद्य,237,Correct
चट्टान,237,Correct
धन,237,Correct
युद्ध,237,Correct
वार्षिक,236,Correct
अनुमान,235,Correct
वास्तविक,235,Correct
जग्गा,234,Correct
प्वाल,234,Correct
सुविधा,234,Correct
प्रतियोगिता,233,Correct
लैजा,233,Correct
बाँच्,233,Correct
सेतो,232,Incorrect
बारम्बारता,232,Incorrect
जहाँ,232,Correct
पश्चिम,232,Correct
पर्दा,232,Correct
पेट,232,Correct
हाँस्,232,Correct
हुनुहुन्छ,231,Correct
विश्वास,231,Correct
समाचार,231,Correct
दक्षिण,231,Correct
सामान्य,230,Correct
लाख,230,Correct
हटाउ,230,Correct
सजिलो,229,Correct
नली,229,Correct
गाडी,229,Correct
चढ्,229,Correct
दिदी,228,Correct
नाक,228,Correct
योग,228,Correct
काल,228,Correct
जसो,227,Correct
आलु,227,Correct
पृष्ठ,227,Correct
पढाइ,227,Correct
यति,226,Correct
सम्पत्ति,226,Correct
पराउ,226,Correct
साहित्य,226,Correct
उठाउ,226,Correct
संस्कार,225,Correct
सुधार,225,Correct
उचित,224,Correct
भौगोलिक,224,Correct
सांस्कृतिक,224,Correct
गर्मी,224,Correct
स्वरूप,224,Correct
यन्त्र,224,Correct
औँला,224,Correct
अणु,224,Correct
उड्,224,Correct
राम्ररी,223,Correct
कोही,223,Correct
घेरा,223,Correct
ढोका,223,Correct
छाला,223,Correct
सभा,223,Correct
फोटो,222,Correct
ताली,222,Correct
आदेश,222,Correct
दाइ,222,Correct
च्याउ,222,Correct
यौन,222,Correct
चिन्,222,Correct
औँ,221,Correct
गुणनखण्ड,220,Incorrect
लिटर,220,Correct
मर्,220,Correct
र्,219,Incorrect
तर्क,219,Correct
मौलिक,219,Correct
बत्ती,219,Correct
रात,219,Correct
नाच्,219,Correct
त्यति,218,Correct
चन्द्र,218,Correct
रेडियो,218,Correct
आफैँ,218,Correct
दुर्घटना,218,Correct
सोही,217,Correct
कान,217,Correct
प्लास्टिक,217,Correct
प्रथम,216,Correct
निलो,216,Incorrect
विकल्प,216,Correct
फाल्,216,Correct
खोला,214,Correct
कण,213,Correct
सजिलै,212,Correct
मृत्यु,212,Correct
आइ,212,Correct
गर्दछन्,211,Incorrect
गन्ती,211,Correct
फुल्,211,Correct
परम्परागत,210,Correct
प्राथमिक,210,Correct
सिक्का,208,Correct
काका,208,Correct
जात,208,Correct
तताउ,207,Correct
छनोट,206,Correct
प्रमाण,206,Correct
सन्तुलन,205,Correct
बाकस,205,Correct
सुत्,205,Correct
बाटा,204,Correct
बिक्री,204,Correct
अंश,204,Correct
बसोबास,203,Incorrect
नहुने,203,Incorrect
सहर,203,Correct
सर,203,Correct
इमेल,203,Correct
अर्का,203,Correct
प्रशस्त,202,Correct
उत्पत्ति,202,Incorrect
अभिव्यञ्जक,202,Correct
माथिल्लो,202,Correct
महादेश,201,Correct
सङ्घ,201,Correct
कक्ष,201,Correct
पकाउ,201,Correct
बेठिक,200,Incorrect
प्रमाणित,200,Correct
नरम,200,Correct
सोडियम,200,Incorrect
सुन्दर,200,Correct
मूर्ति,200,Correct
खाजा,200,Correct
चिया,200,Correct
प्रस्ट,199,Correct
प्रतिवेदन,199,Correct
ग्राम,199,Correct
किसान,199,Correct
उर्जा,199,Correct
विपरीत,198,Correct
पूजा,198,Correct
लवण,198,Correct
तीव्र,198,Correct
कलम,198,Correct
भुइँ,198,Correct
रोजगारी,198,Correct
सार्,198,Correct
औसत,197,Correct
सास,197,Correct
परम्परा,197,Correct
यसो,196,Correct
स्पष्ट,196,Correct
धान,196,Correct
टेलिभिजन,196,Correct
छिन्,196,Correct
सोली,196,Correct
व्यक्तिगत,195,Correct
त्यस्तो,194,Correct
डिजिटल,194,Correct
उज्यालो,194,Correct
श्रेणी,194,Correct
जोडि,194,Correct
अघि,193,Correct
निर्णय,192,Correct
नानी,192,Correct
ढाक्,192,Correct
मनाउ,192,Correct
लग्,192,Correct
शाह,192,Correct
हिमाली,191,Correct
आँप,191,Correct
प्रचलित,190,Correct
दशमलव,190,Incorrect
नाच,190,Correct
घन,190,Correct
प्रयोगशाला,189,Correct
झोला,189,Correct
टोल,189,Correct
सामुदायिक,187,Correct
मात्रै,187,Correct
स्वाध्याय,187,Incorrect
परिमिति,187,Correct
सल्लाह,187,Correct
नाफा,187,Correct
तामा,187,Correct
कसरत,187,Correct
संवाद,187,Correct
रोक्,187,Correct
पर्दछन्,186,Incorrect
मिठो,186,Incorrect
सिसाकलम,186,Incorrect
आठ,186,Correct
बाँदर,186,Correct
अस्पताल,186,Correct
विरुद्ध,186,Correct
विकसित,185,Correct
अभिवृद्धि,185,Correct
मान्य,185,Correct
हल,185,Correct
मुद्रा,185,Correct
पर्व,185,Correct
पालना,184,Correct
ऐना,184,Correct
चउर,184,Correct
पिरामिड,184,Correct
बाँड्,184,Correct
पाठ्य,183,Correct
कमी,183,Correct
डाइअक्साइड,183,Incorrect
लेख,183,Correct
पास,183,Correct
गिलास,183,Correct
जङ्गल,183,Correct
कतिपय,182,Correct
चिनी,182,Correct
हप्ता,182,Correct
कसले,181,Correct
खुला,181,Correct
पारी,181,Correct
निम्ति,181,Correct
जाडो,181,Correct
रस,181,Correct
बाली,181,Correct
सुझाव,181,Correct
डाक्टर,181,Correct
विदेश,181,Correct
सोच्,181,Correct
कमा,180,Correct
सन्तान,180,Correct
जसमा,179,Correct
गण,179,Correct
प्रचलन,179,Correct
घोडा,179,Correct
चन्द्रमा,179,Correct
वायुमण्डल,179,Correct
उस्तै,178,Correct
चाँदी,178,Correct
चामल,178,Correct
बचाउ,178,Correct
जो,177,Correct
बादल,177,Correct
बिजुली,177,Correct
जनगणना,177,Correct
गइ,177,Correct
अलग,176,Correct
प्रत्यक्ष,176,Correct
इच्छा,176,Correct
मूल,176,Correct
समावेश,176,Correct
सुई,176,Correct
बज्,176,Correct
ओ,175,Correct
प्रवेश,175,Correct
विस्तार,175,Correct
पर्यटन,175,Correct
घाउ,175,Correct
मैदान,175,Correct
सञ्जाल,175,Correct
अपराध,174,Correct
कार्यपुस्तक,173,Incorrect
अनुरोध,173,Correct
धुलो,173,Correct
बुझ्,173,Correct
भन्नाले,172,Incorrect
लोकतान्त्रिक,172,Correct
सन्देश,172,Correct
लक्षण,172,Correct
प्रदूषण,172,Correct
चिठी,172,Correct
केरा,172,Correct
ग्रन्थि,172,Correct
डोरी,172,Correct
फेर्,172,Correct
गलत,171,Correct
छड्के,171,Correct
बनोट,171,Incorrect
ठाडो,171,Correct
साबुन,171,Correct
वायु,171,Correct
उपत्यका,171,Correct
कहिल्यै,170,Correct
अनुरूप,170,Correct
फुटबल,170,Correct
श्रम,170,Correct
भाइरस,170,Correct
क्याल्सीयम,169,Correct
चक्रीय,169,Incorrect
संलग्न,169,Correct
चर्चा,169,Correct
तल्लो,169,Correct
वर्तमान,169,Correct
सक्रिय,169,Correct
बोट,169,Correct
मुलुक,169,Correct
बैङ्क,169,Correct
त्यस्ता,168,Correct
जब,168,Correct
निर्देशन,168,Correct
आगो,168,Correct
बिल,168,Correct
गाउँले,168,Correct
हान्,168,Correct
बल्,168,Correct
उत्तरी,167,Incorrect
ने,167,Incorrect
यौगिक,167,Correct
सीमा,167,Correct
नतिजा,167,Correct
हिउँ,167,Correct
विरुवा,167,Correct
पिउ,167,Correct
भन्न,166,Correct
अझ,166,Correct
बाक्लो,166,Correct
काण्ड,166,Correct
पर्वत,166,Correct
अनुसन्धान,166,Correct
छाती,166,Correct
गरियो,165,Correct
गोरो,165,Correct
पुर्याउ,165,Correct
व्यावहारिक,164,Correct
सामान्यतया,164,Incorrect
मध्य,164,Correct
खाल,164,Correct
गुणा,164,Correct
वेग,164,Correct
प्रहरी,164,Correct
निबन्ध,164,Correct
विषादी,164,Correct
कर्जा,164,Correct
सम्भव,163,Correct
तिन,163,Incorrect
आपस,163,Correct
रहन,163,Correct
पति,163,Correct
बलि,163,Correct
थप्,163,Correct
दिगो,162,Correct
जसको,162,Correct
कर्ण,162,Correct
बाल्,162,Correct
रोप्,162,Correct
झैँ,161,Incorrect
घनत्व,161,Incorrect
महसुल,161,Correct
अनुहार,161,Correct
फल्,161,Correct
खस्,161,Correct
भोलि,160,Correct
कतै,159,Correct
पेपर,159,Correct
हजुरआमा,159,Correct
सभ्य,159,Correct
शैली,159,Correct
नमस्कार,158,Correct
पहाडी,158,Correct
छपाइ,158,Correct
चलन,158,Correct
लोड,158,Correct
माग्,158,Correct
पुष्टि,157,Correct
कहिलेकाहीँ,157,Incorrect
प्रवेग,157,Incorrect
चिकित्सा,157,Correct
खेतबारी,157,Correct
पी,156,Incorrect
निम्न,156,Correct
पस,156,Correct
भार,156,Correct
नुन,156,Correct
बालुवा,156,Correct
कृष्ण,156,Correct
मार्,156,Correct
पारिस्थितिक,155,Incorrect
सन्तुलित,155,Correct
सचेत,155,Correct
सकार,155,Correct
बुझि,155,Correct
अन्न,155,Correct
हजुरबुबा,155,Correct
सावधानी,155,Correct
जल,155,Correct
प्राय,154,Incorrect
दुःख,154,Correct
बढ्दो,154,Correct
बोतल,154,Correct
ग्राफ,154,Correct
प्रभावकारी,153,Correct
पारमाणविक,153,Correct
गोलो,153,Correct
पहिला,153,Correct
पु,153,Incorrect
एकआपस,153,Incorrect
सोधखोज,153,Correct
दाँत,153,Correct
परिक्रमा,152,Correct
परावर्तन,152,Incorrect
लोक,152,Correct
मापन,152,Correct
डिग्री,152,Correct
थिच्,152,Correct
जे,151,Correct
पुरस्कार,151,Correct
रसायन,151,Correct
बनावट,151,Correct
उत्पादित,150,Correct
अलि,150,Correct
लेखी,150,Correct
स्थायी,150,Correct
तपाउ,150,Correct
मन्त्रालय,150,Correct
जलवायु,150,Correct
तयारी,150,Correct
व्यायाम,150,Correct
अमेरिका,150,Correct
व्यक्तित्व,150,Correct
रुलर,150,Correct
क्रमश,149,Incorrect
गुरुत्व,149,Incorrect
अति,149,Correct
हेर,149,Correct
परिणाम,149,Correct
हाइड्रोजन,149,Correct
राणा,149,Correct
दल,149,Correct
प्राचीन,148,Correct
आक्रमण,148,Correct
सम्झ,148,Correct
सौर्य,147,Incorrect
सम्पन्न,147,Correct
अवधि,147,Correct
कम्पास,147,Correct
समुद्र,147,Correct
कमजोर,146,Correct
क्लिक,146,Incorrect
पातलो,146,Correct
सेवन,146,Correct
फैल,146,Correct
करेन्ट,146,Correct
परीक्षा,146,Correct
कुना,145,Correct
समेट्,145,Correct
गुणस्तरीय,144,Incorrect
भिडियो,144,Correct
भात,144,Correct
कल,144,Correct
जिउ,144,Correct
राम,144,Correct
इतिहास,144,Correct
मेसिन,144,Correct
पेरियोडिक,143,Incorrect
रू,143,Incorrect
क्रियो,143,Incorrect
फोन,143,Incorrect
जातजाति,143,Correct
अभाव,143,Correct
हिउँद,143,Correct
यातायात,143,Correct
ऐतिहासिक,142,Correct
उच्चारण,142,Correct
अङ्ग्रेजी,142,Correct
प्राणी,142,Correct
साइज,142,Correct
न्याय,142,Correct
बग्,142,Correct
सञ्चित,141,Correct
मुनि,141,Incorrect
समात्,141,Correct
व्यास,140,Correct
घाँटी,140,Correct
बारी,140,Correct
साइबर,139,Correct
कुराकानी,139,Correct
अवयव,139,Correct
सम्पर्क,139,Correct
हर्मोन,139,Correct
चेतना,139,Correct
क्षार,139,Correct
परिधि,139,Correct
पत्ति,138,Incorrect
जन्य,138,Correct
गणना,138,Correct
जिज्ञासा,138,Correct
विकृति,138,Correct
मुना,138,Correct
नीति,138,Correct
खरायो,138,Correct
गौरव,138,Correct
भेट्,138,Correct
भाषिक,137,Correct
स्थानमान,137,Incorrect
रूढ,137,Correct
क्लोराइड,137,Incorrect
रक्त,137,Correct
जगत्,137,Incorrect
पाचन,137,Correct
उपयोगिता,137,Correct
भक्तपुर,137,Correct
पात्र,137,Correct
छैनन्,136,Correct
बोल,136,Correct
चार्ज,136,Correct
अन्तर,136,Correct
नाटक,136,Correct
भूभाग,136,Correct
पर्यटक,136,Correct
खेलि,136,Correct
निस्कि,136,Correct
हुँ,135,Correct
भाले,135,Incorrect
पूर्वक,135,Correct
क्षति,135,Correct
आकर्षण,135,Correct
उपग्रह,135,Correct
बेर्,135,Correct
निकाय,135,Correct
कर्मचारी,135,Correct
किनार,135,Correct
समाउ,135,Correct
मद्दे,134,Incorrect
गठन,134,Correct
सम्पादन,134,Correct
प्रतिनिधि,134,Correct
जन,134,Correct
अन्डा,134,Correct
मादल,134,Correct
खाइ,134,Correct
डुब्,134,Correct
आन्तरिक,133,Correct
सामूहिक,133,Correct
आविष्कार,133,Correct
बगैँचा,133,Correct
सहभागिता,133,Correct
दृष्टि,133,Correct
छाड्,133,Correct
हिजो,132,Correct
किलोग्राम,132,Correct
युनिट,132,Correct
भविष्य,132,Correct
बोटबिरुवा,132,Correct
पूर्वाधार,132,Correct
छर्,132,Correct
पश्चात्,131,Correct
क्रस,131,Correct
बाघ,131,Correct
टेबुल,131,Correct
चीन,131,Correct
पहेँलो,130,Incorrect
शून्य,130,Correct
घाँस,130,Correct
कार,130,Correct
बुद्ध,130,Correct
बोलाउ,130,Correct
नभई,129,Incorrect
नकार,129,Correct
यहाँको,129,Incorrect
अत्यन्त,129,Correct
आयताकार,129,Incorrect
किरा,129,Incorrect
तँ,129,Correct
जात्रा,129,Correct
वडा,129,Correct
हात्ती,129,Correct
मामा,129,Correct
फोक्सो,129,Correct
फर्कि,129,Correct
उही,128,Correct
समकोण,128,Correct
या,128,Correct
फुल,128,Correct
वैशाख,128,Correct
खुल्,128,Correct
रमाउ,128,Correct
पोषक,127,Incorrect
चकलेट,127,Correct
रोटी,127,Correct
पाती,127,Correct
स्वभाव,127,Correct
टेक्,127,Correct
झिक्,127,Correct
घुमाउ,127,Correct
वर्गाकार,126,Correct
प्रायः,126,Correct
लक्ष्य,126,Correct
खाता,126,Correct
रोगी,126,Correct
नजिकै,125,Incorrect
जिम्मेवारी,125,Correct
मासु,125,Correct
बाढी,125,Correct
बाबु,125,Correct
जीवनी,125,Correct
उचाल्,125,Correct
हँ,124,Correct
हरिया,124,Incorrect
पूर्वी,124,Correct
नौ,124,Correct
पोषण,124,Correct
लम्ब,124,Correct
मेरुदण्ड,124,Correct
अनलाइन,124,Correct
बेलुन,124,Correct
सेना,124,Correct
पारि,124,Correct
उपसमूह,123,Incorrect
हार्दिक,123,Correct
हाड,123,Correct
मनोरञ्जन,123,Correct
निर्वाचन,123,Correct
पुन,123,Correct
सपना,123,Correct
केटाकेटी,123,Correct
बुँदा,123,Correct
अत्यधिक,122,Correct
बचत,122,Correct
स्नायु,122,Correct
स्वच्छ,122,Correct
क्रियापद,122,Correct
मिसाउ,122,Correct
चार्ट,121,Incorrect
हजुर,121,Incorrect
सवारी,121,Correct
गोला,121,Correct
निर्धारण,121,Correct
नाइट्रोजन,121,Correct
अङ्ग्रेज,121,Correct
कर्म,121,Correct
दुलही,121,Correct
अनावश्यक,120,Correct
हिन्दु,120,Correct
प्रकाशन,120,Correct
स्याल,120,Correct
दरबार,120,Correct
थुप्रै,119,Correct
बिना,119,Correct
खबर,119,Correct
श्रेष्ठ,119,Correct
दाउरा,119,Correct
विकर्ण,119,Correct
लाग्दो,119,Correct
आरु,119,Correct
सरकारी,118,Correct
आई,118,Correct
अक्साइड,118,Incorrect
तोक,118,Correct
ले,118,Correct
कोइला,118,Correct
आराम,118,Correct
अवरोध,118,Correct
दृश्य,118,Correct
सर्प,118,Correct
विवाद,118,Correct
एसिया,118,Correct
जोगाउ,118,Correct
सेन्टिमिटर,117,Incorrect
आउँदो,117,Correct
चित्रकला,117,Correct
थापा,117,Correct
ग्रुप,117,Correct
कमाउ,117,Correct
भो,116,Correct
मिश्रित,116,Correct
सारा,116,Correct
हन्,116,Incorrect
श्वासप्रश्वास,116,Incorrect
कुल,116,Correct
हेरचाह,116,Correct
चोरी,116,Correct
स्तम्भ,116,Correct
मोटर,116,Correct
सोच,116,Correct
काँच,116,Correct
कम्पनी,116,Correct
फि,115,Incorrect
प्रयोगात्मक,115,Incorrect
झन्,115,Correct
पप,115,Correct
अपेक्षा,115,Correct
करोड,115,Correct
राती,115,Correct
मनाइ,115,Correct
गन्,115,Correct
सिकाउ,115,Correct
कराउ,115,Correct
उपयोगी,114,Correct
तापनि,114,Correct
अलिकति,114,Correct
रेखाखण्ड,114,Incorrect
धागो,114,Correct
लामा,114,Correct
गहुँ,114,Correct
आनन्द,114,Correct
पाना,114,Correct
असमान,114,Correct
मांसपेशी,114,Correct
कवि,114,Correct
समिति,114,Correct
सिपको,113,Incorrect
चर,113,Correct
सँगैको,113,Incorrect
सत्य,113,Correct
कल्पना,113,Correct
डर,113,Correct
बार,113,Correct
झगडा,113,Correct
चिन्ता,113,Correct
सगरमाथा,113,Correct
कपाल,113,Correct
भरि,113,Correct
लड्,113,Correct
हस्ताक्षर,112,Correct
सार्वजनिक,112,Correct
न्यानो,112,Incorrect
खपत,112,Correct
वित्त,112,Correct
स्वाद,112,Correct
गृह,112,Correct
रेखाचित्र,112,Correct
युग,112,Correct
कवाज,112,Correct
नगरपालिका,112,Correct
घुल्,112,Correct
लगभग,111,Correct
निष्कासन,111,Correct
मसिनो,111,Incorrect
अझै,111,Correct
संयोजन,111,Correct
भवन,111,Correct
बाफ,111,Correct
जन्मदिन,111,Correct
ताँती,111,Correct
झर्,111,Correct
वक्र,110,Correct
उभिनु,110,Incorrect
विश्लेषण,110,Correct
युवा,110,Correct
छात्रा,110,Correct
प्रेम,110,Correct
साँझ,110,Correct
बोर्ड,110,Correct
प्रकट,109,Correct
तिनका,109,Correct
यसप्रकार,109,Incorrect
शैक्षिक,109,Correct
प्रसिद्ध,109,Correct
ढिलो,109,Correct
रुचि,109,Correct
एकछिन,109,Incorrect
चल,109,Correct
पृथ्वीनारायण,109,Correct
डाटा,109,Correct
कम्ती,109,Correct
प्रोटिन,109,Correct
आचरण,109,Correct
मेला,109,Correct
पत्रिका,109,Correct
कागती,109,Correct
तराजु,109,Correct
अनुक्रम,109,Correct
देवकोटा,109,Correct
वैदेशिक,108,Correct
शीर्षबिन्दु,108,Incorrect
तक्,108,Correct
बिरालो,108,Correct
शिक्षण,108,Correct
चिज,108,Correct
पहिरो,108,Correct
जोखिम,108,Correct
तास,108,Correct
पुतली,108,Correct
पारिवारिक,107,Correct
आपसी,107,Incorrect
म्याग्नेसियम,107,Incorrect
नगर्ने,107,Incorrect
महिनावारी,107,Incorrect
सूक्ष्म,107,Correct
बमोजिम,107,Correct
नष्ट,107,Correct
साध्,107,Correct
डाँठ,107,Correct
सिंह,107,Correct
आँसु,107,Correct
बाँध्,107,Correct
संयुज्यता,106,Incorrect
आदर,106,Correct
खोज,106,Correct
समन्वय,106,Correct
रड,106,Correct
निवेदन,106,Correct
खानेपानी,106,Correct
घोल,106,Correct
दिवस,106,Correct
बदल्,106,Correct
सुनि,106,Correct
मासिक,105,Correct
आजभोलि,105,Incorrect
छोटकरी,105,Correct
भाँडो,105,Correct
जनशक्ति,105,Correct
शिशु,105,Correct
योग्य,105,Correct
थाल,105,Correct
पन्जा,105,Correct
हने,104,Incorrect
पुनरवलोकन,104,Incorrect
खण्डीकरण,104,Incorrect
पुरानो,104,Correct
जोर,104,Correct
निको,104,Correct
शुल्क,104,Correct
ग्रहण,104,Correct
कुकुर,104,Correct
गुरुङ,104,Correct
चिनि,104,Correct
शास्त्र,104,Correct
पाक्,104,Correct
विचारणीय,103,Correct
आणविक,103,Correct
पोटासियम,103,Incorrect
निर्वाह,103,Correct
घोषणा,103,Correct
अन्धो,103,Correct
तालिम,103,Correct
हाँगा,103,Correct
ओगट्,103,Correct
रमा,103,Correct
क्रोमोजोम,103,Correct
अदालत,103,Correct
ल्याइ,103,Correct
मिलिलिटर,102,Incorrect
बापत,102,Correct
पालो,102,Correct
खरिद,102,Correct
अवधारणा,102,Correct
विशाल,102,Correct
रानी,102,Correct
पाठक,102,Correct
टेलिफोन,102,Correct
घाइते,102,Correct
खेलकुद,102,Correct
युरोप,102,Correct
खन्,102,Correct
तिनले,101,Correct
अवलम्बन,101,Correct
जि,101,Incorrect
तन,101,Correct
भिटामिन,101,Correct
पीडा,101,Correct
सुख,101,Correct
मित्र,101,Correct
कम्मर,101,Correct
आय,101,Correct
दक्ष,101,Correct
अधिकांश,100,Correct
यिनै,100,Correct
दियो,100,Correct
पसिना,100,Correct
भाडा,100,Correct
प्रारम्भ,100,Correct
अन्तरिक्ष,100,Correct
छिमेक,100,Correct
दाजु,100,Correct
आन्द्रा,100,Correct
चौथो,99,Incorrect
रङ्गीन,99,Incorrect
सर्वप्रथम,99,Correct
आआफ्नो,99,Incorrect
यान्त्रिक,99,Correct
गोलाकार,99,Correct
गुणनफल,99,Incorrect
जडीबुटी,99,Correct
फन्को,99,Correct
तलब,99,Correct
पशुपालन,99,Correct
सफ्टवेयर,99,Correct
भूमि,99,Correct
कुखुरा,99,Correct
लागु,98,Correct
ज्यामितीय,98,Incorrect
वरपरको,98,Incorrect
किनभने,98,Correct
सुचालक,98,Correct
नराम्रो,98,Incorrect
जलविद्युत्,98,Incorrect
शान्त,98,Correct
कुरो,98,Correct
कथन,98,Correct
लगानी,98,Correct
उखु,98,Correct
बालक,98,Correct
स्काउट,98,Correct
फैलि,98,Correct
अतिरिक्त,97,Incorrect
कृत्रिम,97,Correct
त्यसो,97,Correct
हँदै,97,Incorrect
हासिल,97,Correct
ज्यादै,97,Incorrect
बल्ब,97,Correct
गृहकार्य,97,Correct
समतल,97,Correct
दायित्व,97,Correct
सुरुआत,97,Correct
कोलाज,97,Correct
केक,97,Correct
छुट,97,Correct
किला,97,Correct
रबर,97,Correct
न्यून,97,Correct
छोप्,97,Correct
परिमार्जन,96,Correct
टाइप,96,Correct
दक्षिणी,96,Correct
साइनस,96,Incorrect
दाना,96,Correct
दही,96,Correct
क्रिकेट,96,Correct
परिकल्पना,96,Correct
सङ्गठन,96,Correct
सानोठिमी,95,Correct
प्रभावित,95,Correct
कता,95,Correct
मस्तिष्क,95,Incorrect
तामाङ,95,Correct
जन्तु,95,Correct
महासागर,95,Correct
अधिकारी,95,Correct
पोखरा,95,Correct
छोराछोरी,95,Correct
बाँस,95,Correct
लाइन,95,Correct
नपाउ,95,Correct
पोल्,95,Correct
जुनसुकै,94,Correct
जनाइ,94,Correct
कम्पन,94,Correct
दाल,94,Correct
प्रधानाध्यापक,94,Correct
फाइल,94,Correct
तनाव,94,Correct
हिंसा,94,Correct
काग,94,Correct
आहार,94,Correct
बुहारी,94,Correct
ढाँचा,94,Correct
अनुशासन,94,Correct
साइकल,94,Correct
नेतृत्व,94,Correct
स्थापित,93,Correct
महसुस,93,Correct
पर्याप्त,93,Correct
चिल्लो,93,Incorrect
विना,93,Correct
आवृत्ति,93,Correct
विजय,93,Correct
मदन,93,Correct
रक्षा,93,Correct
भैँसी,93,Correct
छात्र,93,Correct
लोकगीत,93,Correct
हित,93,Correct
पुस्तकालय,93,Correct
नेता,93,Correct
व्यावसायिक,92,Correct
घनाकार,92,Incorrect
आकाशीय,92,Incorrect
की,92,Correct
पत्रपत्रिका,92,Incorrect
अपवर्त्य,92,Correct
चारै,92,Incorrect
हानि,92,Correct
आगलागी,92,Correct
हलुको,92,Correct
लेखन,92,Correct
शिर,92,Correct
बट्टा,92,Correct
पाइप,92,Correct
बिग्र,92,Correct
परिणत,91,Correct
नगरी,91,Incorrect
त्रिभुजाकार,91,Incorrect
नसक्ने,91,Incorrect
आयोन,91,Incorrect
सट,91,Correct
श्वास,91,Correct
आदानप्रदान,91,Correct
विशिष्ट,91,Correct
जाँच,91,Correct
अँध्यारो,91,Correct
सतर्क,91,Correct
केटा,91,Correct
रिस,91,Correct
लिङ्ग,91,Correct
विकिरण,91,Correct
इन्धन,91,Correct
वेबसाइट,91,Correct
पूर्णिमा,91,Correct
जगाउ,91,Correct
हराउ,91,Correct
सुक्,91,Correct
भारी,90,Correct
गुच्चा,90,Incorrect
अधातु,90,Incorrect
होचो,90,Correct
पर्ला,90,Correct
फिट,90,Correct
द्वन्द्व,90,Correct
तोरी,90,Correct
विगत,90,Correct
आँगन,90,Correct
उफ्र,90,Correct
जन्माउ,90,Correct
सम्झाउ,90,Correct
हनन,89,Incorrect
बिमा,89,Incorrect
गत,89,Correct
ब्लक,89,Correct
कारक,89,Correct
सेयर,89,Correct
साहस,89,Correct
सार्क,89,Correct
नुहाउ,89,Correct
चतुर्भुजको,88,Incorrect
शोषण,88,Correct
अचार,88,Correct
किल्ला,88,Correct
पोथी,88,Correct
प्रेरणा,88,Correct
इनार,88,Correct
सङ्घसंस्था,88,Correct
लिइन्छ,87,Incorrect
अहिलेको,87,Correct
ऐ,87,Correct
त्यसरी,87,Correct
रोकाइ,87,Correct
हानिकारक,87,Incorrect
महान्,87,Correct
व्यवस्थित,87,Correct
बौद्ध,87,Correct
जवाफ,87,Correct
सार,87,Correct
टोली,87,Correct
बास्,87,Correct
मेलमिलाप,87,Correct
मोटरसाइकल,87,Correct
व्यापारी,87,Correct
वंश,87,Correct
खराब,86,Correct
पौष्टिक,86,Correct
क्या,86,Incorrect
विदेशी,86,Correct
फराकिलो,86,Correct
घिउ,86,Correct
घुँडा,86,Correct
शिखर,86,Correct
सट्टा,86,Correct
कलाकार,86,Correct
मुसा,86,Correct
समबाहु,85,Incorrect
निःशेष,85,Incorrect
भलिबल,85,Correct
बजेट,85,Correct
औषधि,85,Correct
विभाग,85,Correct
सुकाउ,85,Correct
मौखिक,84,Incorrect
छौ,84,Correct
जारी,84,Correct
नामकरण,84,Correct
घन्टी,84,Incorrect
बेल्ना,84,Correct
अफ,84,Correct
धनी,84,Correct
बन,84,Correct
उपलब्धि,84,Correct
केटी,84,Correct
सहकार्य,84,Correct
आयाम,84,Correct
वीर,84,Correct
जीवनशैली,84,Correct
सहकारी,84,Correct
सीता,84,Correct
मण्डल,84,Correct
बेलायत,84,Correct
प्रजाति,84,Correct
उपस्थिति,84,Correct
फैलाउ,84,Correct
चलि,84,Correct
आकर्षक,83,Correct
ठूलो,83,Correct
कठिन,83,Correct
विस्थापन,83,Correct
पाता,83,Correct
कार्वन,83,Correct
परेवा,83,Correct
बेलुका,83,Correct
आशा,83,Correct
अध्यक्ष,83,Correct
महामारी,83,Correct
कामदार,83,Correct
लहर,83,Correct
उपस्थित,82,Correct
विश्वव्यापी,82,Correct
कानुनी,82,Correct
लौ,82,Correct
प्रवर्धन,82,Incorrect
भण्डारण,82,Correct
माला,82,Correct
गल्ती,82,Correct
भेडा,82,Correct
भोक,82,Correct
शनिबार,82,Correct
बरफ,82,Correct
अस्ट्रेलिया,82,Correct
बजाइ,82,Correct
खुवाउ,82,Correct
मसिना,81,Correct
जथाभावी,81,Incorrect
भेनचित्रमा,81,Incorrect
बिजोर,81,Correct
गुरुत्वाकर्षण,81,Incorrect
नोक्सान,81,Correct
थोपा,81,Correct
आना,81,Correct
भेट,81,Correct
रहर,81,Correct
ध्रुव,81,Correct
शत्रु,81,Correct
मत,81,Correct
निद्रा,81,Correct
प्रस्तुति,81,Correct
कारखाना,81,Correct
जुत्ता,81,Correct
आसन,81,Correct
सन्धि,81,Correct
रेल,81,Correct
सोस्,81,Correct
डाँडा,81,Correct
लाउ,81,Correct
जित्,81,Correct
नु,80,Incorrect
एक्स,80,Incorrect
उत्कृष्ट,80,Correct
उल्टो,80,Correct
पोस्टर,80,Correct
पान,80,Correct
अनुप,80,Correct
बोली,80,Correct
पिन,80,Correct
लखन,80,Correct
चौकी,80,Correct
गणतन्त्र,80,Correct
स्टिल,80,Correct
बित्,80,Correct
कस्,80,Correct
वास्तव,79,Correct
कृत,79,Correct
घरेलु,79,Correct
ख्याली,79,Incorrect
खास,79,Correct
जङ्गली,79,Correct
उल्लिखित,79,Correct
अनुसारका,79,Incorrect
बस्ती,79,Incorrect
अनेक,79,Correct
लाग,79,Correct
ढङ्ग,79,Correct
सिमाना,79,Correct
रक्तचाप,79,Correct
गायन,79,Correct
डुङ्गा,79,Correct
पाटी,79,Correct
जाग्,79,Correct
बिताउ,79,Correct
अङ्कित,78,Correct
हाइड्डोजन,78,Incorrect
नगर,78,Correct
आफन्त,78,Correct
किलोमिटर,78,Correct
सौन्दर्य,78,Correct
इन्जिन,78,Correct
सिलिन्डर,78,Correct
आयुर्वेद,78,Correct
जम्,78,Correct
मिसि,78,Correct
तत,77,Correct
वरपरका,77,Incorrect
त्यसैगरी,77,Incorrect
असाध्यै,77,Incorrect
जी,77,Incorrect
बी,77,Incorrect
यता,77,Correct
तब,77,Incorrect
तर्फ,77,Correct
धारणा,77,Correct
सेट,77,Correct
अगिल्लो,77,Correct
बाख्रा,77,Correct
नम्बर,77,Correct
उपभोग,77,Correct
हतियार,77,Correct
जहाज,77,Correct
सर्वेक्षण,77,Correct
हट्,77,Correct
फुक्,77,Correct
हरित,76,Correct
पहिलेको,76,Incorrect
आहा,76,Correct
वाट,76,Incorrect
न्युक्लियस,76,Incorrect
चस्मा,76,Correct
राशि,76,Correct
विनाश,76,Correct
दिउँसो,76,Correct
अभियान,76,Correct
वनभोज,76,Correct
चरित्र,76,Correct
राक्षस,76,Correct
आन्दोलन,76,Correct
माउस,76,Correct
चालक,76,Correct
बगाउ,76,Correct
पठाइ,76,Correct
भाग्,76,Correct
हेरि,76,Correct
जटिल,75,Correct
जरुरी,75,Correct
सुक्खा,75,Correct
भरी,75,Correct
सदुपयोग,75,Correct
गहिरो,75,Correct
फर्सी,75,Correct
गर्व,75,Correct
डलर,75,Correct
पखेटा,75,Correct
साक्षर,75,Correct
मिहिनेत,75,Correct
मोटो,75,Correct
चना,75,Correct
बक्स,75,Correct
हृदय,75,Correct
अस्तित्व,75,Correct
टुप्पा,75,Correct
शाखा,75,Correct
उमाल्,75,Correct
आयोग,75,Correct
उम्र,75,Correct
परि,75,Correct
गदा,74,Correct
कोमल,74,Correct
आफैँले,74,Incorrect
नसकिने,74,Incorrect
सेता,74,Incorrect
गाउँपालिका,74,Incorrect
व्यस्त,74,Correct
बोध,74,Correct
ठेगाना,74,Correct
विहीन,74,Correct
उपहार,74,Correct
स्वागत,74,Correct
आयात,74,Correct
नोट,74,Correct
ऐन,74,Correct
पुल,74,Correct
पोसाक,74,Correct
जागिर,74,Correct
पेन्सिल,74,Correct
सिलिङ,74,Correct
मार्ग,74,Correct
जर्मनी,74,Correct
गाउँघर,74,Correct
किबोर्ड,74,Correct
रोकि,74,Correct
गर्दछु,73,Incorrect
निर्भर,73,Correct
नजिकैको,73,Incorrect
गाह्रो,73,Correct
सानी,73,Correct
सिङ्गो,73,Correct
उत्पादक,73,Correct
केन्द्रबिन्दु,73,Incorrect
एक्लै,73,Correct
प्रधान,73,Correct
काउली,73,Correct
पत्ती,73,Correct
मौका,73,Correct
इँटा,73,Correct
सम्झौता,73,Correct
टेप,73,Correct
देवता,73,Correct
टुप्पो,73,Correct
दुलहा,73,Correct
पर्यावरण,73,Correct
टाँसि,73,Correct
सम्मुख,72,Correct
दिनुपर्ने,72,Incorrect
चार्टपेपरमा,72,Incorrect
बिदा,72,Incorrect
निर्यात,72,Correct
सामर्थ्य,72,Correct
खतरा,72,Correct
धर्ती,72,Correct
चाड,72,Correct
बैठक,72,Correct
केराउ,72,Correct
भिज्,72,Correct
पट्याउ,72,Correct
पुरै,71,Incorrect
केको,71,Incorrect
नामक,71,Correct
त्यसकारण,71,Correct
औद्योगिक,71,Correct
मिश्रधन,71,Correct
प्राङ्गारिक,71,Correct
लेखाचित्र,71,Incorrect
छोरो,71,Correct
चोट,71,Correct
परिकार,71,Correct
मिठाई,71,Correct
गर्भाधान,71,Correct
छाना,71,Correct
आदर्श,71,Correct
कार्यान्वयन,71,Correct
प्रथा,71,Correct
बताइ,71,Correct
अनुकूल,70,Correct
पुराना,70,Incorrect
ओहो,70,Correct
मध्यक,70,Incorrect
सी,70,Incorrect
अन्तरसम्बन्ध,70,Correct
ट्राफिक,70,Correct
वर्णविन्यास,70,Correct
दोब्बर,70,Correct
बुट्टा,70,Correct
बाधा,70,Correct
पुस,70,Correct
भोल्टेज,70,Correct
सजाय,70,Correct
असार,70,Correct
पर्खाल,70,Correct
सिँचाइ,70,Correct
देशान्तर,70,Correct
परिवेश,70,Correct
प्रकोप,70,Correct
उफार्,70,Correct
चम्चा,70,Correct
प्याज,70,Correct
पुर्खा,70,Correct
आवरण,70,Correct
प्रधानमन्त्री,70,Correct
गरिमा,70,Correct
तत्व,70,Correct
मल्ल,70,Correct
आयतकार,69,Incorrect
क्रियाशील,69,Correct
अपेक्षित,69,Correct
समग्र,69,Correct
प्रिज्मको,69,Incorrect
मनमनै,69,Incorrect
रूपान्तर,69,Correct
संस्करण,69,Incorrect
अमिलो,69,Correct
उता,69,Correct
नभए,69,Incorrect
भर्ना,69,Correct
छड,69,Correct
सचेतना,69,Correct
असोज,69,Correct
पेट्रोल,69,Correct
पाहुना,69,Correct
लुम्बिनी,69,Correct
भ्रष्टाचार,69,Correct
प्रगति,69,Correct
भोजन,69,Correct
अतिथि,69,Correct
जाउ,69,Correct
फिर्ता,68,Correct
पाँचौँ,68,Incorrect
केवल,68,Correct
यिनको,68,Incorrect
सिसाकलमको,68,Incorrect
समकोणी,68,Incorrect
अन,68,Incorrect
पोटेन्सियल,68,Incorrect
दोषी,68,Correct
घर्षण,68,Correct
भूकम्प,68,Correct
टी,68,Incorrect
देख,68,Correct
बीज,68,Correct
साग,68,Correct
पुच्छर,68,Correct
स्त्री,68,Correct
कार्ड,68,Correct
चुनौती,68,Correct
सुशासन,68,Correct
रोबोट,68,Correct
पिता,68,Correct
जीवजन्तु,68,Correct
मधेस,68,Correct
गाला,68,Correct
जाँच्,68,Correct
पश्चिमी,67,Correct
हैन,67,Incorrect
तीनओटै,67,Incorrect
सर्च,67,Incorrect
संश्लेषण,67,Incorrect
एक्कासि,67,Correct
कत्रा,67,Correct
सिग्नल,67,Incorrect
लोकबाजा,67,Incorrect
वृत्ताकार,67,Correct
परिभाषा,67,Correct
रोपनी,67,Correct
गेडागुडी,67,Correct
बास्केटबल,67,Correct
ज्यान,67,Correct
हतार,67,Correct
खानी,67,Correct
सियो,67,Correct
धुन,67,Correct
कृति,67,Correct
खेलौना,67,Correct
चक्र,67,Correct
कमल,67,Correct
प्राप्ति,67,Correct
खम्बा,67,Correct
फर्काउ,67,Correct
शक्तिशाली,66,Correct
गर्नाले,66,Incorrect
तत्कालीन,66,Correct
आनुपातिक,66,Correct
स्वीकार,66,Correct
शेष,66,Correct
बडो,66,Correct
म्,66,Incorrect
पछिल्लो,66,Correct
राजधानी,66,Correct
व्यापक,66,Correct
मह,66,Correct
जाली,66,Correct
सागपात,66,Correct
बटन,66,Correct
ढाड,66,Correct
पहिरन,66,Correct
लाभ,66,Correct
श्रीमती,66,Correct
किशोरी,66,Correct
गमला,66,Correct
एकनास,66,Correct
स्वर्ग,66,Correct
छिर्,66,Correct
लगातार,65,Correct
छुट्टाछुट्टै,65,Incorrect
घरायसी,65,Correct
गो,65,Incorrect
वर्गमिटर,65,Incorrect
टिभी,65,Incorrect
अपाङ्गता,65,Incorrect
बस्तु,65,Incorrect
काट,65,Correct
स्व,65,Correct
भिरालो,65,Correct
चर्को,65,Correct
कीटनाशक,65,Correct
भेला,65,Correct
चाहना,65,Correct
अन्तरक्रिया,65,Correct
दर्शन,65,Correct
खोप,65,Correct
सागर,65,Correct
डल्ला,65,Correct
देवी,65,Correct
कारोबार,65,Correct
खाद्यान्न,65,Correct
सम्झना,65,Correct
बिहे,65,Correct
धरातल,65,Correct
गोरखा,65,Correct
बेन्च,65,Correct
जापान,65,Correct
रुस,65,Correct
अटाउ,65,Correct
काटि,65,Correct
पर्ख,65,Correct
रिसाउ,65,Correct
ठान्,65,Correct
डराउ,65,Correct
जक,64,Incorrect
बाह्य,64,Correct
निर्जीव,64,Correct
जु,64,Incorrect
प्रशंसा,64,Correct
अनुभूति,64,Correct
गहना,64,Correct
जौ,64,Correct
हार,64,Correct
मेच,64,Correct
पशु,64,Correct
अन्धविश्वास,64,Correct
जगत,64,Correct
कोर्ट,64,Correct
पुस्ता,64,Correct
हत्केला,64,Correct
फ्याँक्,64,Correct
उतार्,64,Correct
गराइ,64,Correct
ज्येष्ठ,63,Correct
द्वितीय,63,Correct
लाञ्छन,63,Correct
चन,63,Incorrect
अधिकतम,63,Correct
अप्रत्यक्ष,63,Correct
न्यूनतम,63,Incorrect
पैदा,63,Correct
त्यहीँ,63,Correct
सूचक,63,Correct
एस,63,Correct
गौतम,63,Correct
कलर,63,Correct
पालन,63,Correct
किराँत,63,Correct
छठ,63,Correct
परिवहन,63,Correct
सैनिक,63,Correct
गण्डकी,63,Correct
गर्भ,63,Correct
उत्सव,63,Correct
हिटर,63,Correct
सिसा,63,Correct
गुडि,63,Correct
कप,63,Correct
धनवीर,63,Correct
पासाङ,63,Correct
फौज,63,Correct
हुनुका,62,Incorrect
अवस्थित,62,Correct
ताजा,62,Correct
लैङ्गिक,62,Correct
सुन्ने,62,Correct
कक्षागत,62,Incorrect
प्रतिवर्ष,62,Incorrect
मुसो,62,Correct
पिठो,62,Correct
भोलिपल्ट,62,Correct
कपास,62,Correct
कलकारखाना,62,Correct
निकालि,62,Correct
मद्यपान,62,Correct
मरुभूमि,62,Correct
विभूति,62,Correct
मातृभाषा,62,Correct
छो,62,Correct
तात्,62,Correct
बिर्स,62,Correct
निर्वाचित,61,Correct
अस्थायी,61,Correct
ग्रामीण,61,Correct
छन,61,Incorrect
रेखीय,61,Incorrect
औ,61,Correct
प्राप्ताङ्क,61,Correct
गाढा,61,Correct
मिस,61,Correct
प्रोत्साहन,61,Correct
प्रयोजन,61,Correct
प्रतिभा,61,Correct
एलर्जी,61,Correct
लेखक,61,Correct
लट्ठी,61,Correct
परिस्थिति,61,Correct
बुढा,61,Correct
प्रशासन,61,Correct
कोर,61,Correct
थरी,61,Correct
जङ्गबहादुर,61,Correct
विश्वयुद्ध,61,Correct
समाप्त,60,Correct
जसका,60,Correct
परिभाषित,60,Correct
अनुशासित,60,Correct
छक्क,60,Correct
खै,60,Correct
दिनभरि,60,Incorrect
नी,60,Incorrect
वृद्धिदर,60,Incorrect
भा,60,Incorrect
डी,60,Incorrect
परिपथ,60,Incorrect
स्लाइड,60,Incorrect
दाहिने,60,Correct
राग,60,Correct
आर्जन,60,Correct
तिनै,60,Correct
खरानी,60,Correct
रौँ,60,Correct
प्रोग्राम,60,Correct
आचार्य,60,Correct
चितुवा,60,Correct
सिमी,60,Correct
उपदेश,60,Correct
पत्नी,60,Correct
ब्याजदर,60,Correct
शताब्दी,60,Correct
सङ्ग्रहालय,60,Correct
पिट्,60,Correct
अनिवार्य,59,Correct
प्रकाशित,59,Correct
दृष्टिगत,59,Incorrect
चाँडै,59,Correct
सम्भावित,59,Correct
सोलार,59,Incorrect
यहीँ,59,Correct
खेतीपाती,59,Incorrect
प्रिज्म,59,Incorrect
हाइड्रोक्लोरिक,59,Incorrect
प्राविधिक,59,Correct
जनचेतना,59,Correct
लागत,59,Correct
कष्ट,59,Correct
ज्योति,59,Correct
भेग,59,Correct
चिम,59,Correct
पराल,59,Correct
फ्रान्स,59,Correct
लोकतन्त्र,59,Correct
कमिला,59,Correct
ईश्वर,59,Correct
टेबल,59,Correct
खन्याउ,59,Correct
पाल्,59,Correct
हल्का,58,Correct
किनकि,58,Incorrect
सघन,58,Correct
समूहगत,58,Incorrect
आपतित,58,Incorrect
चरो,58,Correct
विस्तारै,58,Incorrect
मङ्गल,58,Incorrect
फिक्का,58,Correct
दा,58,Correct
भ्यागुता,58,Incorrect
अन्त,58,Correct
बसाइँसराइ,58,Incorrect
ह्रास,58,Correct
कोदो,58,Correct
जेठ,58,Correct
उल्का,58,Correct
बाँसुरी,58,Correct
पाइला,58,Correct
कफी,58,Correct
उमा,58,Correct
मैनबत्ती,58,Correct
धुन्,58,Correct
वादविवाद,58,Correct
उदय,58,Correct
ग्रन्थ,58,Correct
शौचालय,58,Correct
औँसी,58,Correct
बखत,58,Correct
जनजीवन,58,Correct
नरेश,58,Correct
पग्ल,58,Correct
निम्त्याउ,58,Correct
वक्ता,58,Correct
स्वदेश,58,Correct
फुट्,58,Correct
खसाल्,58,Correct
निर्मित,57,Correct
निर्धारित,57,Correct
पारदर्शी,57,Correct
कच्चा,57,Correct
सरुवा,57,Correct
इफोर्ट,57,Incorrect
पन,57,Correct
साँचो,57,Correct
माग,57,Correct
शीतल,57,Correct
नगद,57,Correct
चिप्लो,57,Correct
क्यान्सर,57,Correct
लोकप्रिय,57,Correct
विशेषण,57,Correct
परिचालन,57,Correct
टोपी,57,Correct
नसा,57,Correct
सुमन,57,Correct
कमला,57,Correct
मामाघर,57,Correct
कृषक,57,Correct
तिहार,57,Correct
हिर्काउ,57,Correct
प्रयोगकर्ता,57,Correct
मुक्त,56,Correct
पट,56,Correct
हौँ,56,Correct
आआफ्ना,56,Incorrect
वैकल्पिक,56,Correct
जीवन्त,56,Correct
शुभकामना,56,Correct
प्रयत्न,56,Incorrect
वयस्क,56,Correct
डल्लो,56,Correct
बेलना,56,Incorrect
डोल्मा,56,Incorrect
लिखित,56,Correct
बसाइँ,56,Correct
माघ,56,Correct
टर्,56,Correct
जुका,56,Correct
वर,56,Correct
प्रकाशक,56,Correct
मोडेल,56,Correct
ज्वरो,56,Correct
डिजाइन,56,Correct
मन्त्री,56,Correct
गीता,56,Correct
कुर्सी,56,Correct
रुमाल,56,Correct
परिक्रमण,56,Correct
चिनाउ,56,Correct
गुमाउ,56,Correct
सीमित,55,Correct
गर्दछौँ,55,Incorrect
समथर,55,Correct
जाती,55,Correct
लाम्चो,55,Incorrect
सहयोगी,55,Correct
गरिबी,55,Incorrect
सक्षमता,55,Incorrect
ख्याल,55,Correct
अधिक,55,Correct
पठन,55,Correct
मुला,55,Correct
चुच्चो,55,Correct
टिकट,55,Correct
चोटपटक,55,Correct
सिपाही,55,Correct
इन्च,55,Correct
जबाफ,55,Correct
मिल्दो,55,Correct
सङ्कट,55,Correct
तारापुञ्ज,55,Correct
प्रतिस्पर्धा,55,Correct
चर्पी,55,Correct
नजर,55,Correct
रिबन,55,Correct
काँध,55,Correct
घार,55,Correct
घरपरिवार,55,Correct
पार्क,55,Correct
विद्युत,55,Correct
पढि,55,Correct
विपक्ष,55,Correct
बुन्,55,Correct
थपि,55,Correct
वरिपरिको,54,Incorrect
जहिले,54,Correct
जीवित,54,Correct
जसरी,54,Correct
आकर्षित,54,Correct
हुन्छौँ,54,Incorrect
हुनुको,54,Incorrect
यसैले,54,Incorrect
होइनन्,54,Correct
समतलीय,54,Incorrect
सेलो,54,Incorrect
प्रतिक्रियारत,54,Incorrect
उत्तीर्ण,54,Correct
लोप,54,Correct
एमोनिया,54,Incorrect
छुट्टै,54,Incorrect
अगि,54,Correct
रमेश,54,Incorrect
बक्,54,Correct
गम्भीर,54,Correct
भण्डार,54,Correct
कर्णाली,54,Correct
चट्याङ,54,Correct
क्विन्टल,54,Correct
इज्जत,54,Correct
छाता,54,Correct
कमिसन,54,Correct
पिसाब,54,Correct
विष,54,Correct
काँडा,54,Correct
बतास,54,Correct
ग्राहक,54,Correct
जग,54,Correct
दृष्टिकोण,54,Correct
छत,54,Correct
लेक,54,Correct
जार,54,Correct
पाटन,54,Correct
पुगि,54,Correct
किशोरावस्था,54,Correct
कुलत,54,Correct
डुल्,54,Correct
उडाउ,54,Correct
अगाडिको,53,Incorrect
सक्षम,53,Correct
एकदमै,53,Incorrect
परावर्तित,53,Correct
सापेक्षिक,53,Correct
एमोनियम,53,Incorrect
छे,53,Correct
आदान,53,Correct
सारांश,53,Correct
क्रय,53,Incorrect
एककोषीय,53,Incorrect
लक,53,Incorrect
दै,53,Incorrect
जान्ने,53,Correct
प्रोटोन,53,Incorrect
वनजङ्गल,53,Incorrect
जता,53,Correct
बेफाइदा,53,Correct
तेर्सो,53,Correct
सद्,53,Correct
नक्कल,53,Correct
गोल,53,Correct
गन्ध,53,Correct
टीका,53,Correct
कोट,53,Correct
अनौठो,53,Correct
समानुपात,53,Correct
वचन,53,Correct
बिहा,53,Correct
नाङ्गो,53,Correct
विभेद,53,Correct
धुवाँ,53,Correct
रोजगार,53,Correct
बौद्धिक,53,Correct
होटल,53,Correct
चिकित्सक,53,Correct
फूलबारी,53,Correct
पच्,53,Correct
जल्,53,Correct
इन्द्र,53,Correct
तन्काउ,53,Correct
भोग्,53,Correct
तुरुन्तै,52,Correct
करै,52,Incorrect
दुवैले,52,Incorrect
केले,52,Incorrect
पन्यु,52,Correct
लल,52,Correct
करेसाबारीमा,52,Incorrect
सस्वरवाचन,52,Incorrect
प्राणायाम,52,Incorrect
घाँसे,52,Correct
गुलियो,52,Correct
कोसिस,52,Correct
उत्तम,52,Correct
जय,52,Correct
कम्ता,52,Correct
जज,52,Correct
सम्बोधन,52,Correct
सिकार,52,Correct
आयु,52,Correct
गरा,52,Correct
फापर,52,Correct
पदक,52,Correct
याम,52,Correct
पिर्,52,Correct
स्मरण,52,Correct
सिमेन्ट,52,Correct
पहुँच,52,Correct
चोर,52,Correct
धमनी,52,Correct
चमेली,52,Correct
हड्डी,52,Correct
थैली,52,Correct
कोइराला,52,Correct
प्रजातन्त्र,52,Correct
आत्मा,52,Correct
भान्सा,52,Correct
जीवनचक्र,52,Correct
पाले,52,Correct
बोलि,52,Correct
हुर्क,52,Correct
हल्लाउ,52,Correct
छरि,52,Correct
आत्ति,52,Correct
निजी,51,Correct
उभिएर,51,Incorrect
अत्यन्तै,51,Incorrect
सहरी,51,Correct
कार्यरत,51,Incorrect
बनाउनका,51,Incorrect
दशमलवमा,51,Incorrect
विस्थापित,51,Correct
ज्ञानी,51,Correct
नदिन,51,Incorrect
एप,51,Incorrect
प्याड,51,Incorrect
पुरा,51,Correct
हिरा,51,Correct
सानै,51,Incorrect
मानी,51,Correct
सद्भाव,51,Incorrect
हरितकण,51,Incorrect
आशय,51,Correct
अनुमति,51,Correct
उद्धार,51,Correct
प्रशोधन,51,Correct
दैनिकी,51,Correct
मुहान,51,Correct
दिसा,51,Correct
सङ्गत,51,Correct
बुद्धि,51,Correct
हाँस,51,Correct
अभिलेख,51,Correct
कछुवा,51,Correct
चक,51,Correct
त्रिभुवन,51,Correct
सम्पादक,51,Correct
पैताला,51,Correct
साह्रै,50,Incorrect
तन्दुरुस्त,50,Correct
तितो,50,Incorrect
नपर्ने,50,Incorrect
कछ,50,Incorrect
सङ्गति,50,Correct
कसको,50,Correct
सञ्चालित,50,Correct
समसामयिक,50,Correct
पर्यटकीय,50,Incorrect
बरु,50,Correct
धुर,50,Incorrect
ब्याक्टेरिया,50,Incorrect
सि,50,Incorrect
टि,50,Incorrect
पीडित,50,Incorrect
वेशभूषा,50,Incorrect
तस्बिर,50,Incorrect
लाल,50,Correct
आरोह,50,Correct
प्रस्ताव,50,Correct
खोकी,50,Correct
हाउभाउ,50,Correct
सर्त,50,Correct
पेच,50,Correct
अभिव्यक्ति,50,Correct
ल्यापटप,50,Correct
कार्डबोर्ड,50,Correct
औजार,50,Correct
एसिड,50,Correct
काकी,50,Correct
दया,50,Correct
प्याकेट,50,Correct
कोष्ठक,50,Correct
राय,50,Correct
लडाइँ,50,Correct
टुक्रि,50,Correct
छुट्,50,Correct
परिष्कृत,49,Correct
अचानक,49,Correct
पटकमा,49,Incorrect
नलाग्ने,49,Incorrect
हुनसक्छ,49,Correct
अचल,49,Correct
फणा,49,Correct
पेट्रोलियम,49,Correct
साधारणतया,49,Correct
घुलनशील,49,Incorrect
मध्यम,49,Correct
खुब,49,Incorrect
मजबुत,49,Correct
बु,49,Incorrect
पौडी,49,Correct
बेलनाकार,49,Correct
बल्ल,49,Correct
समाजसेवी,49,Incorrect
अवस्थिति,49,Incorrect
बिहानै,49,Incorrect
स्वरलिपि,49,Incorrect
हुन्न,49,Correct
गहिराइ,49,Correct
अण्ड,49,Correct
बहादुर,49,Correct
किलो,49,Correct
पल्ट,49,Correct
भेदभाव,49,Correct
भाजक,49,Correct
आयकर,49,Correct
चित्त,49,Correct
अमर,49,Correct
मगर,49,Correct
प्रार्थना,49,Correct
वृक्ष,49,Correct
सुर,49,Correct
बुढी,49,Correct
प्रसार,49,Correct
रहनसहन,49,Correct
वादन,49,Correct
बोक्रा,49,Correct
गोही,49,Correct
चङ्गा,49,Correct
मिलन,49,Correct
बासस्थान,49,Correct
दुखाइ,49,Correct
पङ्क्ति,49,Correct
आयआर्जन,49,Correct
पवन,49,Correct
चम्किलो,49,Correct
राष्ट्रपति,49,Correct
धु,49,Correct
माने,49,Correct
तोक्,49,Correct
घुमि,49,Correct
भेटि,49,Correct
नभएर,48,Incorrect
धैरै,48,Incorrect
विभाजित,48,Correct
क,48,Correct
प्रदूषित,48,Correct
शब्दार्थ,48,Incorrect
राष्ट्रसङ्घको,48,Incorrect
कर्मी,48,Correct
प्रचार,48,Correct
मूलधन,48,Incorrect
मेघ,48,Incorrect
स्टेप,48,Incorrect
क्लोरिन,48,Incorrect
अल्कोहल,48,Incorrect
क्वाइल,48,Incorrect
प्रतिनिधित्व,48,Correct
सस्तो,48,Correct
बोरा,48,Correct
कार्पेट,48,Correct
भाषण,48,Correct
निकुञ्ज,48,Correct
गम,48,Correct
खोक्रो,48,Correct
बाँध,48,Correct
सुगा,48,Correct
तिथि,48,Correct
सहमति,48,Correct
पाला,48,Correct
अक्षांश,48,Correct
भाका,48,Correct
संवेग,48,Correct
बहुभुज,48,Correct
कह,48,Correct
अनुकरण,48,Correct
छाउ,48,Correct
सजाउ,48,Correct
छेक्,48,Correct
तत्काल,47,Correct
परिचित,47,Correct
सल्फर,47,Incorrect
सुखी,47,Correct
यिनले,47,Incorrect
आइपर्ने,47,Incorrect
बन्दछ,47,Incorrect
दसैँ,47,Incorrect
काट्ने,47,Correct
सर्वोच्च,47,Correct
अमेरिकी,47,Correct
प्रतिस्थापन,47,Correct
कित,47,Incorrect
बग्ने,47,Correct
नगर्नु,47,Incorrect
सिन्का,47,Incorrect
दोर्जे,47,Correct
फागुन,47,Correct
कदर,47,Correct
छाप,47,Correct
मिथिला,47,Correct
डढेलो,47,Correct
अवरोह,47,Correct
विनिमय,47,Correct
हल्ला,47,Correct
आस्था,47,Correct
विक्रम,47,Correct
कचौरा,47,Correct
दाजुभाइ,47,Correct
भूउपग्रह,47,Correct
भटमास,47,Correct
अडि,47,Correct
मञ्च,47,Correct
तला,47,Correct
सिसी,47,Correct
मालिका,47,Correct
लुक्,47,Correct
दीर्घ,46,Correct
पार्नका,46,Incorrect
अँ,46,Incorrect
प्रतिकूल,46,Correct
मा,46,Correct
न्युक्लियर,46,Incorrect
कन्केभ,46,Incorrect
यौगिकको,46,Incorrect
निश्चय,46,Correct
निमार्ण,46,Incorrect
प्रेरित,46,Incorrect
गर्भवती,46,Correct
बिधि,46,Incorrect
स्वयम्,46,Correct
लो,46,Incorrect
रेसा,46,Correct
बाहेकको,46,Incorrect
सहायक,46,Correct
बिर्को,46,Correct
करण,46,Correct
औपचारिक,46,Correct
मसला,46,Correct
उत्साह,46,Correct
वाधा,46,Correct
सदाचार,46,Correct
गोरु,46,Correct
मान्यजन,46,Correct
धूमपान,46,Correct
सन्तति,46,Correct
स्रोतसाधन,46,Correct
पूर्णाङ्क,46,Correct
विपद्,46,Correct
छुट्टी,46,Correct
राजमार्ग,46,Correct
बढि,46,Correct
कार्यपालिका,46,Correct
वृत्तचित्र,46,Correct
गाड्,46,Correct
ठोक्,46,Correct
सम्बद्ध,45,Correct
सूचीकरण,45,Incorrect
पक्कै,45,Correct
कुने,45,Incorrect
उभ,45,Correct
बहने,45,Incorrect
नत्र,45,Correct
सिधै,45,Incorrect
नामाकरण,45,Incorrect
एकल,45,Correct
तथ,45,Incorrect
आल्मिनियम,45,Incorrect
सुनिश्चित,45,Incorrect
वर्गान्तरको,45,Incorrect
अलिक,45,Correct
पै,45,Incorrect
तै,45,Correct
दूषित,45,Correct
कम्चा,45,Incorrect
रित,45,Incorrect
प्यारो,45,Correct
साँच्चै,45,Correct
प्रबन्ध,45,Correct
आफै,45,Correct
डाइस,45,Incorrect
बिकाइ,45,Correct
एकअर्का,45,Incorrect
दुबै,45,Incorrect
हनु,45,Incorrect
ओसिलो,45,Correct
किशोर,45,Correct
ज्याला,45,Correct
पवित्र,45,Correct
एम,45,Correct
माफी,45,Correct
चासो,45,Correct
बृद्धि,45,Correct
दर्,45,Correct
मेल,45,Correct
वसन्त,45,Correct
खोल,45,Correct
प्राण,45,Correct
जून,45,Correct
मालिक,45,Correct
मसी,45,Correct
न्यायाधीश,45,Correct
सोडा,45,Correct
क्यामेरा,45,Correct
पाङ्ग्रा,45,Correct
हरफ,45,Correct
फेद,45,Correct
कलिलो,45,Correct
गोठ,45,Correct
खेलमैदान,45,Correct
बसि,45,Correct
टोक्,45,Correct
तिखो,44,Incorrect
छायाको,44,Incorrect
उत्तिकै,44,Incorrect
आदरण,44,Correct
केन्द्रित,44,Correct
वक्तृत्वकला,44,Incorrect
बहुकोषीय,44,Incorrect
अम्लीय,44,Incorrect
इरामा,44,Incorrect
रुपयाँ,44,Incorrect
खेर,44,Correct
यताउता,44,Incorrect
रक्तसञ्चार,44,Correct
प्रतिबिम्ब,44,Correct
झारपात,44,Correct
क्राकानी,44,Incorrect
एफ,44,Correct
णुणनफल,44,Incorrect
कडापन,44,Correct
खानेक्रा,44,Incorrect
बिस,44,Incorrect
दर्जन,44,Correct
श्रीमान्,44,Correct
असहाय,44,Correct
गाली,44,Correct
अनियमित,44,Correct
हुरी,44,Correct
कान्छा,44,Correct
आशीर्वाद,44,Correct
पोसिलो,44,Correct
हिलो,44,Correct
झ्याल,44,Correct
पेम्बा,44,Correct
तिब्बत,44,Correct
छाप्,44,Correct
छिराउ,44,Correct
कुद्,44,Correct
गर्नुका,43,Incorrect
रुपियाँको,43,Incorrect
छक,43,Incorrect
उत्प्रेरक,43,Incorrect
फकिर,43,Correct
पृ,43,Incorrect
बुँदागत,43,Incorrect
भर्चुअल,43,Incorrect
भ्यालेन्स,43,Incorrect
विस्तृत,43,Correct
स्वस्थ्य,43,Incorrect
खि,43,Incorrect
चित्रण,43,Correct
मैथिली,43,Correct
तिष्कर्ष,43,Incorrect
शेर्पा,43,Correct
नदीनाला,43,Correct
ब्याकटेरिया,43,Incorrect
बालक्लब,43,Incorrect
क्र,43,Incorrect
गनु,43,Incorrect
गाईवस्तु,43,Correct
बिघा,43,Correct
दोष,43,Correct
विन्यास,43,Correct
मृग,43,Correct
इन्जाइम,43,Correct
सङ्क्रमण,43,Correct
राई,43,Correct
माना,43,Correct
आइसक्रिम,43,Correct
मेवा,43,Correct
वन्यजन्तु,43,Correct
जोर्नी,43,Correct
सङ्ग्रह,43,Correct
माता,43,Correct
नैतिक,43,Correct
जुस,43,Correct
चक्का,43,Correct
मङ्सिर,43,Correct
भोज,43,Correct
असफल,43,Correct
गन्तव्य,43,Correct
जनकपुर,43,Correct
क्षण,43,Correct
व्यवस्थापिका,43,Correct
अफिस,43,Correct
फुर्सद,43,Correct
बोलाइ,43,Correct
बिँड,43,Correct
ट्रक,43,Correct
पेज,43,Correct
डुबाउ,43,Correct
नाघ्,43,Correct
नमस्ते,42,Correct
तेपाली,42,Incorrect
एकको,42,Incorrect
पठा,42,Incorrect
डि,42,Incorrect
घरबाहिर,42,Incorrect
देखाएजस्तै,42,Incorrect
जेष्ठ,42,Correct
गर्वुहोस्,42,Incorrect
गर्तुहोस्,42,Incorrect
वर्गन्तरको,42,Incorrect
बै,42,Incorrect
पल्लो,42,Correct
ठु,42,Incorrect
बेसी,42,Correct
मूल्यमान्य,42,Correct
ली,42,Incorrect
डिभाइस,42,Incorrect
टेसेलेसन,42,Incorrect
रक्तकोष,42,Incorrect
कुक्र,42,Incorrect
नद,42,Incorrect
प्रतिपादन,42,Correct
उकालो,42,Correct
आकस्मिक,42,Correct
पारस्परिक,42,Correct
महाभारत,42,Correct
मर्मत,42,Correct
तर्जुमा,42,Correct
इत्यादि,42,Correct
सर्वनाम,42,Correct
सिद्ध,42,Correct
जिम्मा,42,Correct
माइकल,42,Correct
पिउन,42,Correct
शिला,42,Correct
गोली,42,Correct
शीत,42,Correct
व्यवसायी,42,Correct
कोपिला,42,Correct
काय,42,Correct
गान,42,Correct
गुठी,42,Correct
सरस्वती,42,Correct
उत्सुक,42,Correct
कैँची,42,Correct
उम्ल,42,Correct
सम्मेलन,42,Correct
निधार,42,Correct
जोशी,42,Correct
पलाउ,42,Correct
निधो,41,Correct
टाउकामा,41,Incorrect
आम,41,Correct
जोडने,41,Incorrect
रद,41,Incorrect
चतुर्भुजका,41,Incorrect
तटस्थ,41,Correct
भूपरिवेष्टित,41,Correct
थवा,41,Incorrect
समलम्ब,41,Incorrect
नहुनु,41,Incorrect
सबेरै,41,Correct
विक्री,41,Incorrect
शिशुग्रह,41,Incorrect
उन्नति,41,Incorrect
पित,41,Incorrect
पहँच,41,Incorrect
सिँजा,41,Incorrect
पण्डित,41,Correct
हावाहुरी,41,Incorrect
मु,41,Incorrect
जिम्मेवार,41,Correct
ल्होसार,41,Incorrect
भ्याल,41,Incorrect
जर्नु,41,Incorrect
सु,41,Incorrect
टेवा,41,Correct
बुद्धिजीवी,41,Correct
नेवार,41,Correct
प्यारा,41,Correct
जतन,41,Correct
याद,41,Correct
नापि,41,Correct
मधुमेह,41,Correct
फोटोकपी,41,Correct
ट्याक्सी,41,Correct
अवतरण,41,Correct
हिमालय,41,Correct
कमजोरी,41,Correct
परिश्रम,41,Correct
साहित्यकार,41,Correct
लोग्ने,41,Correct
हत्या,41,Correct
विरोध,41,Correct
ग्लास,41,Correct
पदयात्रा,41,Correct
दह,41,Correct
नाचि,41,Correct
पारो,41,Correct
नुवाकोट,41,Correct
युवक,41,Correct
शिविर,41,Correct
जेल,41,Correct
शिव,41,Correct
पाखुरा,41,Correct
अरनिको,41,Correct
विधा,41,Correct
क्लब,41,Correct
फाट्,41,Correct
भाँच्,41,Correct
निदाउ,41,Correct
सङ्क्षिप्त,40,Correct
सृक्ष्मदर्शक,40,Incorrect
पाउनासाथ,40,Incorrect
संवेदनशील,40,Correct
पुस्याउँछ,40,Incorrect
हुनका,40,Incorrect
तामाजिक,40,Incorrect
एकदलीय,40,Incorrect
गरौ,40,Incorrect
इलेक्ट्रोनिक,40,Incorrect
ग्रीष्म,40,Correct
उद्गम,40,Correct
ब्रहमाण्डको,40,Incorrect
वर्गफिट,40,Incorrect
विप,40,Incorrect
गरु,40,Incorrect
थारु,40,Incorrect
झन्डै,40,Correct
मुसुक्क,40,Correct
अव,40,Incorrect
थर्मोमिटर,40,Incorrect
संवाहन,40,Incorrect
रामनाथ,40,Incorrect
प्लग,40,Incorrect
बिचका,40,Incorrect
चिहन,40,Incorrect
नहुँदा,40,Incorrect
गन,40,Correct
सामना,40,Correct
डिजेल,40,Correct
भट्टराई,40,Correct
भाइबहिनी,40,Correct
दुरुपयोग,40,Correct
भालु,40,Correct
संस्कृत,40,Correct
साउन,40,Correct
लाज,40,Correct
ठीक,40,Correct
ढक,40,Correct
हलो,40,Correct
फस्फोरस,40,Correct
निवारण,40,Correct
चलचित्र,40,Correct
मुहार,40,Correct
कर्ता,40,Correct
लत,40,Correct
अफ्रिका,40,Correct
वास्तुकला,40,Correct
जोख्,40,Correct
भाँचि,40,Correct
उद्देश्यमूलक,39,Correct
पढाउने,39,Incorrect
घटबढ,39,Incorrect
अशुद्ध,39,Correct
समृद्ध,39,Correct
तन्दुरुस्ती,39,Incorrect
गछ,39,Incorrect
साटासाट,39,Correct
रुउटै,39,Incorrect
घटदै,39,Incorrect
प्रवेगको,39,Incorrect
संयोजी,39,Incorrect
कोभ्यालेन्ट,39,Incorrect
सल्फेट,39,Incorrect
ओजोन,39,Incorrect
वामाजिक,39,Incorrect
चाँडो,39,Correct
उँ,39,Correct
पे,39,Incorrect
अङ्क्रण,39,Incorrect
केटो,39,Correct
शिक्षित,39,Correct
रिले,39,Incorrect
आइतबार,39,Correct
जीवावशेष,39,Incorrect
हाइड्डोक्साइड,39,Incorrect
झन्डा,39,Incorrect
अरु,39,Incorrect
प्रश्त,39,Incorrect
साध्य,39,Correct
भूत,39,Correct
घाटा,39,Correct
निमन्त्रणा,39,Correct
हार्मोनियम,39,Correct
सङ्घर्ष,39,Correct
हाँसो,39,Correct
शङ्का,39,Correct
रक्सी,39,Correct
कलेजो,39,Correct
प्वाँख,39,Correct
विहार,39,Correct
चिन्तन,39,Correct
रसिलो,39,Correct
सिट,39,Correct
दो,39,Correct
लहरा,39,Correct
दराज,39,Correct
खाँद्,39,Correct
भरे,39,Correct
सिफारिस,39,Correct
बाल्टिन,39,Correct
लक्षित,38,Correct
गोलार्धमा,38,Incorrect
जमान,38,Correct
अन्तमा,38,Incorrect
सभ्यताको,38,Incorrect
पाएँ,38,Incorrect
छी,38,Correct
वढी,38,Incorrect
सर्वाधिकार,38,Incorrect
चारित्रिक,38,Correct
गुरुआमाले,38,Incorrect
ग्रीष्ममा,38,Incorrect
परराष्ट्र,38,Correct
जनघनत्व,38,Incorrect
न्युटनको,38,Incorrect
अवश्य,38,Correct
किन्ने,38,Correct
शर,38,Incorrect
हवाईजहाज,38,Correct
लागुपदार्थ,38,Incorrect
कोरोना,38,Incorrect
शि,38,Incorrect
परागसेचन,38,Incorrect
फाइबर,38,Incorrect
सभाध्यक्ष,38,Incorrect
भकुन्डो,38,Incorrect
खारु,38,Incorrect
स्प्रिङ,38,Incorrect
खे,38,Incorrect
श्लोक,38,Incorrect
मू,38,Incorrect
सप्तक,38,Correct
सवै,38,Incorrect
प्रतिदिन,38,Correct
घले,38,Correct
प्रमाणपत्र,38,Correct
परामर्श,38,Correct
टोकाइ,38,Correct
सावाँ,38,Correct
झाडापखाला,38,Correct
कीटाणु,38,Correct
नङ,38,Correct
पुँजी,38,Correct
ग्यास,38,Correct
वासस्थान,38,Correct
खप्तड,38,Correct
झरना,38,Correct
अधीन,38,Correct
पिनास,38,Correct
अरब,38,Correct
पल,38,Correct
विच्छेदक,38,Correct
साता,38,Correct
जनक,38,Correct
विज्ञापन,38,Correct
धारिलो,38,Correct
पाखा,38,Correct
इटाली,38,Correct
ससुरा,38,Correct
पार्वती,38,Correct
सकेट,38,Correct
रजनी,38,Correct
आगा,38,Correct
निभाउ,38,Correct
असम्भव,37,Correct
कमीले,37,Incorrect
हौ,37,Correct
एकले,37,Correct
छेपारो,37,Correct
राख्नका,37,Incorrect
झुटो,37,Correct
गफ,37,Correct
पं,37,Incorrect
धुम्रपान,37,Incorrect
फर,37,Incorrect
सजगता,37,Incorrect
आउटपुट,37,Incorrect
वायुमण्डलीय,37,Incorrect
उपपारमाणविक,37,Incorrect
अघ्ययन,37,Incorrect
समशीतोष्ण,37,Correct
लेउ,37,Incorrect
मिथेन,37,Incorrect
अल्छी,37,Correct
गरिब,37,Correct
निरौला,37,Correct
पिस्टन,37,Incorrect
उत्ती,37,Incorrect
देब्रे,37,Incorrect
फन्का,37,Incorrect
थोप्ला,37,Correct
मौन,37,Correct
विचरण,37,Correct
चिउरा,37,Correct
दाइजो,37,Correct
खुर्सानी,37,Correct
दाम,37,Correct
सहारा,37,Correct
पहल,37,Correct
महोदय,37,Correct
नेटवर्क,37,Correct
सहिष्णु,37,Correct
पिङ,37,Correct
आश्चर्य,37,Correct
संयोजक,37,Correct
ओठ,37,Correct
यात्रु,37,Correct
बटुवा,37,Correct
नारी,37,Correct
खप्टि,37,Correct
ब्राउजर,37,Correct
पाल्पा,37,Correct
हाटबजार,37,Correct
पात्ती,37,Correct
पुराण,37,Correct
ललितपुर,37,Correct
साधना,37,Correct
न्यायपालिका,37,Correct
भान्छा,37,Correct
सदन,37,Correct
संसद,37,Correct
खुम्च,37,Correct
दौडि,37,Correct
धकेल्,37,Correct
मिठा,36,Incorrect
तुरुन्त,36,Incorrect
घना,36,Correct
समुद्री,36,Correct
स्वस्थकर,36,Correct
एकचोटि,36,Incorrect
बाध्य,36,Correct
चार्टमा,36,Incorrect
पुनर्लेखन,36,Incorrect
अनेकौँ,36,Incorrect
कहरवा,36,Incorrect
नवीकरणीय,36,Incorrect
अप्राङ्गारिक,36,Incorrect
सर्वव्यापक,36,Correct
ग्राहस्थ,36,Incorrect
पेय,36,Correct
रिडिङ,36,Incorrect
सञ्चय,36,Correct
ठन्डा,36,Correct
भै,36,Incorrect
यिन,36,Incorrect
पिरियड,36,Incorrect
फोहोरमैला,36,Incorrect
फग,36,Incorrect
पिकासो,36,Incorrect
पू,36,Incorrect
बाहेकका,36,Incorrect
आफ,36,Incorrect
जीत,36,Correct
मैथुन,36,Correct
चौथाइ,36,Correct
रण,36,Correct
बुक,36,Correct
लाखौँ,36,Correct
डोको,36,Correct
अभिवादन,36,Correct
प्रतिलिपि,36,Correct
प्रावधान,36,Correct
आग्रह,36,Correct
चुरा,36,Correct
तिल,36,Correct
आहारा,36,Correct
हैजा,36,Correct
नारा,36,Correct
बिचार्,36,Correct
जन्ती,36,Correct
दम,36,Correct
प्रदायक,36,Correct
आत्मविश्वास,36,Correct
नाता,36,Correct
अन्याय,36,Correct
बेसार,36,Correct
डेस्क,36,Correct
महँगो,36,Correct
धनियाँ,36,Correct
विपक्षी,36,Correct
विधवा,36,Correct
क्रान्ति,36,Correct
जन्मि,36,Correct
चुस्,36,Correct
हर्क,36,Correct
भिजाउ,36,Correct
चिच्याउ,36,Correct
हिजोआज,35,Incorrect
नमिलेको,35,Incorrect
सातौँ,35,Incorrect
स्वदेशी,35,Correct
पुग्याउने,35,Incorrect
महानिर्देशक,35,Correct
नभएमा,35,Incorrect
समग्रमा,35,Incorrect
सङ्कलित,35,Correct
रूपान्तरित,35,Correct
खगोलीय,35,Incorrect
कूनै,35,Incorrect
बारम्बार,35,Correct
उष्ण,35,Correct
जानकार,35,Correct
विजयी,35,Correct
उति,35,Correct
इस्लाम,35,Correct
प्रदुषण,35,Incorrect
निर्णायक,35,Correct
परागकण,35,Incorrect
असङ्ख्य,35,Correct
भाज्य,35,Correct
ष,35,Incorrect
पुच्छेतारा,35,Incorrect
विद्वान्,35,Correct
सर्भिस,35,Incorrect
णा,35,Incorrect
न्युट्रोन,35,Incorrect
छिरिङ,35,Incorrect
रुक,35,Incorrect
भुस,35,Correct
होली,35,Correct
उत्खनन,35,Correct
साँघुरो,35,Correct
अम्बा,35,Correct
पराग,35,Correct
शुक्रकीट,35,Correct
चालचलन,35,Correct
जरो,35,Correct
कद,35,Correct
गुन्द्री,35,Correct
शृङ्खला,35,Correct
मास्टर,35,Correct
खसी,35,Correct
एक्लो,35,Correct
ढल,35,Correct
अलङ्कार,35,Correct
पाउरोटी,35,Correct
मोहन,35,Correct
घात,35,Correct
काख,35,Correct
सशक्त,35,Correct
जिन्दगी,35,Correct
विज्ञ,35,Correct
मुक्तिनाथ,35,Correct
हस्त,35,Correct
मिर्गौला,35,Correct
धाउ,35,Correct
श्याम,35,Correct
माझ,35,Correct
खुम्च्याउ,35,Correct
गुडाउ,35,Correct
खोर,35,Correct
टावर,35,Correct
कर्नेल,35,Correct
कलेज,35,Correct
मिडिया,35,Correct
टिम,35,Correct
जलाउ,35,Correct
अड्याउ,35,Correct
क्राको,34,Incorrect
जताततै,34,Correct
नाश,34,Incorrect
सहजै,34,Correct
यु,34,Incorrect
प्यारी,34,Correct
लिक,34,Incorrect
मल्य,34,Incorrect
फलस्वरूप,34,Incorrect
भन्नुको,34,Correct
चिनाकुमारी,34,Incorrect
तादात्म्य,34,Incorrect
हत,34,Correct
पार्दछ,34,Incorrect
बढीमा,34,Incorrect
कृहिने,34,Incorrect
विचमा,34,Incorrect
नापी,34,Correct
विस्तारित,34,Correct
मदर,34,Incorrect
अभिव्यक्त,34,Correct
चू्,34,Incorrect
भ्याउरे,34,Incorrect
झ्याउरे,34,Correct
विविधताको,34,Incorrect
मातवसूल्य,34,Incorrect
मानवसूल्य,34,Incorrect
पारित,34,Correct
ढुङगा,34,Incorrect
विक्रय,34,Correct
कठ्ठा,34,Incorrect
एकोहोरो,34,Correct
बित्तिकै,34,Correct
भएकोले,34,Incorrect
सङकलन,34,Incorrect
ङ्,34,Incorrect
योगासन,34,Incorrect
लिटमस,34,Incorrect
व्रहमाण्ड,34,Incorrect
वर्गान्तर,34,Incorrect
घिं,34,Incorrect
साथीभाइ,34,Incorrect
निर्यामत,34,Incorrect
चैत्र,34,Correct
एउटी,34,Correct
बनस्पति,34,Incorrect
पशुपन्छी,34,Correct
सेल्सियस,34,Incorrect
प्रहार,34,Correct
बसोवास,34,Correct
चुरे,34,Correct
पासवर्ड,34,Correct
प्रचुर,34,Correct
हौसला,34,Correct
जोडन,34,Correct
सिटी,34,Correct
विकार,34,Correct
घरी,34,Correct
बन्दा,34,Correct
गाजर,34,Correct
कठिनाइ,34,Correct
फिल्टर,34,Correct
तिहाइ,34,Correct
रेडक्रस,34,Correct
सन्दुक,34,Correct
जाल,34,Correct
पाथी,34,Correct
गरगहना,34,Correct
शब्दावली,34,Correct
आत्मनिर्भर,34,Correct
मात्,34,Correct
आपूर्ति,34,Correct
प्रतिष्ठा,34,Correct
स्वास्थ्यकर्मी,34,Correct
गुलाफ,34,Correct
काठमाडौं,34,Correct
मुनाफा,34,Correct
पदावली,34,Correct
सिलसिला,34,Correct
वेद,34,Correct
तबला,34,Correct
चराचुरुङ्गी,34,Correct
शोभा,34,Correct
दुखाउ,34,Correct
जोत्,34,Correct
शासक,34,Correct
महेन्द्र,34,Correct
घेर्,34,Correct
दम्पती,34,Correct
आसपास,34,Correct
थाक्,34,Correct
तुल्याउ,34,Correct
चाल्,34,Correct
निल्,34,Correct
बाँडि,34,Correct
समस्त,33,Correct
अचेल,33,Correct
लक्ष्मीप्रसाद,33,Correct
अनुमानित,33,Correct
सहरको,33,Incorrect
सुख्खा,33,Incorrect
गप्यो,33,Incorrect
भइनुको,33,Incorrect
पुग्याउँछ,33,Incorrect
पुस्या,33,Incorrect
सयौँ,33,Incorrect
अभिरुचि,33,Correct
लाजि,33,Incorrect
सहजकर्ता,33,Correct
णरिन्छ,33,Incorrect
दिड्डरुका,33,Incorrect
लाला,33,Incorrect
मैदानी,33,Incorrect
अम्बर,33,Correct
जीवनोपयोगी,33,Incorrect
वर्णाकार,33,Incorrect
नसर्ने,33,Incorrect
बस्त,33,Incorrect
तिर्जनात्मक,33,Incorrect
विर्जतात्मक,33,Incorrect
गित,33,Incorrect
दोहोरो,33,Correct
भण्डारन,33,Incorrect
षड्मुखाको,33,Incorrect
लघुत्तम,33,Incorrect
जाउँ,33,Incorrect
दबाब,33,Correct
शी,33,Incorrect
केके,33,Incorrect
इनपुट,33,Correct
खस्रो,33,Correct
होसियार,33,Correct
बिस्तार,33,Correct
विरोधी,33,Incorrect
हरितगृह,33,Incorrect
धर्का,33,Incorrect
ब्याटन,33,Incorrect
शुक्र,33,Correct
सामाजिकीकरण,33,Incorrect
ी,33,Incorrect
भी,33,Incorrect
कित्ता,33,Correct
अघिकार,33,Incorrect
यौनिकता,33,Incorrect
जड,33,Correct
उतै,33,Correct
बोनस,33,Correct
छिद्र,33,Correct
परा,33,Incorrect
गोप्य,33,Correct
मोटाइ,33,Correct
इसाई,33,Correct
समायोजन,33,Correct
वाचन,33,Correct
चयन,33,Correct
निधन,33,Correct
भदौ,33,Correct
रेखदेख,33,Correct
ज्वालामुखी,33,Correct
राम्,33,Correct
मतदान,33,Correct
मतदाता,33,Correct
अचम्म,33,Correct
परिपक्व,33,Correct
ब्रेक,33,Correct
गायक,33,Correct
पथ,33,Correct
गुँड,33,Correct
हाट,33,Correct
विशेषज्ञ,33,Correct
प्रवृत्ति,33,Correct
अड्डा,33,Correct
तुलसी,33,Correct
कीर्तिपुर,33,Correct
तर्,33,Correct
झुन्ड्याउ,33,Correct
छोडि,33,Correct
चलाइ,33,Correct
बाँधि,33,Correct
हेप्,33,Correct
साट्,33,Correct
निहित,32,Correct
नमिल्ने,32,Incorrect
फक,32,Incorrect
कैयौँ,32,Incorrect
जोगिन,32,Incorrect
यताउति,32,Incorrect
छैटौँ,32,Correct
मृत,32,Correct
बालकृष्ण,32,Incorrect
आफ्नी,32,Correct
आश्रित,32,Correct
फगले,32,Incorrect
डड,32,Incorrect
मेचमायि,32,Incorrect
फो,32,Incorrect
नत,32,Correct
केका,32,Incorrect
हुनाका,32,Incorrect
प्रसारित,32,Correct
अध्ययनरत,32,Incorrect
आफूनै,32,Incorrect
कोभिड,32,Incorrect
कन्भेक्स,32,Incorrect
सागाजिक,32,Incorrect
फिलिप,32,Incorrect
चरु,32,Incorrect
सेकेन्डरी,32,Incorrect
अन्नबाली,32,Incorrect
क्षमा,32,Correct
वास,32,Correct
भित्ते,32,Correct
स्याबास,32,Incorrect
दिइरका,32,Incorrect
चरम,32,Correct
सन्चो,32,Correct
उनिउँ,32,Incorrect
शीर्ष,32,Correct
अस्ति,32,Correct
टे,32,Incorrect
केहीबेर,32,Incorrect
भू,32,Incorrect
कार्बोनेट,32,Incorrect
बाल्यकाल,32,Incorrect
प्राप्ताङक,32,Incorrect
सङ्ख्याङ्क,32,Incorrect
सडख्या,32,Incorrect
सङ्कख्या,32,Incorrect
जरिवाना,32,Incorrect
सोत,32,Incorrect
कात्तिक,32,Correct
हद,32,Correct
कार्की,32,Correct
अप्ठ्यारो,32,Correct
सन,32,Correct
धमिलो,32,Correct
लसुन,32,Correct
भक्ति,32,Correct
राजस्व,32,Correct
नाचगान,32,Correct
कञ्चनजङ्घा,32,Correct
रीतिरिवाज,32,Correct
नवीन,32,Correct
वृद्ध,32,Correct
जानकी,32,Correct
कुवा,32,Correct
झुकाव,32,Correct
स्कुल,32,Correct
अमृत,32,Correct
हँसिया,32,Correct
बास्ना,32,Correct
हुलाक,32,Correct
अखबार,32,Correct
स्पर्श,32,Correct
अल्पविराम,32,Correct
अनार,32,Correct
टुक्का,32,Correct
दूरसञ्चार,32,Correct
बिस्कुट,32,Correct
तेरो,32,Correct
अन्तराल,32,Correct
लेन्स,32,Correct
इन्द्रेनी,32,Correct
बालिका,32,Correct
घडेरी,32,Correct
जुम्ला,32,Correct
महानुभाव,32,Correct
हिँडि,32,Correct
फेसो,32,Correct
समारोह,32,Correct
रुचाउ,32,Correct
चढाउ,32,Correct
ताप्,32,Correct
सेलाउ,32,Correct
पुर्,32,Correct
अकस्मात्,31,Correct
गरेकाले,31,Incorrect
फेला,31,Correct
तृतीय,31,Correct
मझौला,31,Correct
वरिपरिका,31,Incorrect
बराबरी,31,Correct
फिका,31,Incorrect
रामनाथले,31,Incorrect
सिर्जनशील,31,Incorrect
देशप्रेम,31,Incorrect
राष्टिय,31,Incorrect
श्रीहरि,31,Incorrect
कबड्डी,31,Incorrect
वर्ड,31,Incorrect
असन्तुलित,31,Correct
सापटी,31,Correct
शाकाहारी,31,Incorrect
सोधपुछ,31,Correct
कट,31,Incorrect
गुगल,31,Incorrect
विच्छेदन,31,Correct
बडा,31,Correct
एनालग,31,Incorrect
टर्चलाइट,31,Incorrect
थोमस,31,Incorrect
टुसा,31,Incorrect
उत्तोलक,31,Incorrect
परजीवी,31,Correct
उती,31,Incorrect
घिर्नी,31,Incorrect
ब्रहमाण्ड,31,Incorrect
डन्डी,31,Incorrect
निर्देशाङक,31,Incorrect
नायो,31,Incorrect
फिँज,31,Correct
चार्टपेपर,31,Incorrect
तीनै,31,Incorrect
रुकाइ,31,Incorrect
ज्यामिति,31,Correct
फु,31,Correct
भल्भ,31,Correct
अर्ती,31,Correct
विधेयक,31,Correct
समीक्षा,31,Correct
स्याहार,31,Correct
गुम्बा,31,Correct
पावर,31,Correct
बर,31,Correct
जीवाणु,31,Correct
विभक्ति,31,Correct
यादव,31,Correct
गणेश,31,Correct
इद,31,Correct
स्नेह,31,Correct
सोचाइ,31,Correct
गैँडा,31,Correct
नाला,31,Correct
खर,31,Correct
भुटान,31,Correct
मुरली,31,Correct
पृष्ठपोषण,31,Correct
प्रदर्शनी,31,Correct
ज्याकेट,31,Correct
सरोज,31,Correct
धर्मावलम्बी,31,Correct
खाट,31,Correct
राजु,31,Correct
मध्यस्थ,31,Correct
विष्णु,31,Correct
लोभ,31,Correct
अन्धकार,31,Correct
बर्स,31,Correct
तलाउ,31,Correct
बाबा,31,Correct
खाद्यपदार्थ,31,Correct
नाडी,31,Correct
नियोजन,31,Correct
अर्थतन्त्र,31,Correct
गर्भाशय,31,Correct
गला,31,Correct
सेक्सन,31,Correct
मिसाइ,31,Correct
प्रवीण,31,Correct
थुप्रि,31,Correct
पखाल्,31,Correct
झार्,31,Correct
खुम्चि,31,Correct
कोरल्,31,Correct
हुनाको,30,Incorrect
प्रख्यात,30,Correct
स्तनधारी,30,Incorrect
समर्पित,30,Correct
हिसाव,30,Incorrect
भइनुका,30,Incorrect
बाग्मती,30,Incorrect
समयसापेक्ष,30,Incorrect
स्वास्थ्यकर,30,Incorrect
खोजकर्ताका,30,Incorrect
लिरुर,30,Incorrect
ललल,30,Incorrect
एकअर्कामा,30,Incorrect
सोको,30,Incorrect
आआफ्नै,30,Incorrect
विद्यमान,30,Correct
यौगिकका,30,Incorrect
माचव,30,Incorrect
बिन्दुको,30,Incorrect
फन्काको,30,Incorrect
शुरू,30,Incorrect
समतुल्य,30,Correct
विषयक्षेत्र,30,Incorrect
फे,30,Incorrect
बायोग्याँस,30,Incorrect
बलिङ,30,Incorrect
काला,30,Incorrect
मिलिमिटर,30,Incorrect
महर्जन,30,Correct
न्यूनकोण,30,Incorrect
पोको,30,Correct
दुःखी,30,Correct
प॒योग,30,Incorrect
इरा,30,Incorrect
डिम्ब,30,Incorrect
विउ,30,Incorrect
झिल्ली,30,Correct
इयोन,30,Incorrect
ग्लोब,30,Correct
उन्ती,30,Incorrect
अनन्त,30,Correct
मार्फत्,30,Incorrect
मध्यमा,30,Correct
घटनाक्रम,30,Correct
आउट,30,Correct
कोसी,30,Correct
सजात,30,Correct
कञ्चन,30,Correct
भाँडाकुँडा,30,Correct
माधव,30,Correct
गज,30,Correct
कार्बोहाइड्रेट,30,Correct
रेकर्ड,30,Correct
जिब्रो,30,Correct
भजन,30,Correct
रमण,30,Correct
कलाकृति,30,Correct
पोस्ट,30,Correct
बाठो,30,Correct
खुकुलो,30,Correct
यात्री,30,Correct
मस्जिद,30,Correct
च्यानल,30,Correct
सौरभ,30,Correct
प्रिन्टर,30,Correct
बुरुस,30,Correct
मिल,30,Correct
पन्छी,30,Correct
मास,30,Correct
डम्फु,30,Correct
रामविलास,30,Correct
हर्ष,30,Correct
नियोग,30,Correct
इलाम,30,Correct
निर्मल,30,Correct
छापि,30,Correct
टिन,30,Correct
पिठिउँ,30,Correct
ओढ्,30,Correct
खोले,30,Correct
विश्वविद्यालय,30,Correct
जीवनयापन,30,Correct
थुन्,30,Correct
छाम्,30,Correct
फलाउ,30,Correct
उखेल्,30,Correct
